"date","browser","browser_version","visitors","visits","visit_duration","bounces","pageviews"
"2025-12-10","Chrome","143.0",1,1,0,1,1
"2025-12-21","Chrome","143.0",1,1,517,0,6
"2025-12-21","Chrome","119.0",1,1,1,0,2
"2025-12-22","Chrome","142.0",1,2,678,0,9
"2025-12-23","Chrome","129.0",1,1,0,1,1
"2025-12-24","Chrome","143.0",1,1,45,0,2
"2025-12-24","Chrome","142.0",1,1,169,0,28
"2025-12-25","Chrome","119.0",1,1,0,1,1
"2025-12-25","Chrome","143.0",1,1,148,0,3
"2025-12-25","Chrome","142.0",1,1,0,1,1
"2025-12-26","Safari","18.5",1,2,4090,1,31
"2025-12-26","Chrome","143.0",3,5,2529,0,30
"2025-12-27","Safari","18.5",1,2,168,0,8
"2025-12-27","Safari","",1,1,1,0,2
"2025-12-27","Chrome","142.0",1,1,0,1,1
"2025-12-27","Chrome","117.0",1,1,0,0,2
"2025-12-27","Chrome","143.0",2,4,6178,0,47
"2025-12-27","Chrome","141.0",1,1,0,1,1
"2025-12-27","Chrome","125.0",1,1,0,0,2
"2025-12-28","Chrome","143.0",1,2,205,0,13
"2025-12-29","Chrome","143.0",1,1,78,0,4
"2025-12-29","Chrome","117.0",1,1,0,1,1
"2025-12-29","Chrome","125.0",2,2,0,0,4
"2025-12-30","Mobile App","",1,1,0,0,2
"2025-12-30","Mobile App","57.0",1,1,0,1,1
"2025-12-30","Chrome","91.0",1,1,0,1,1
"2025-12-30","Chrome","143.0",5,7,424,0,44
"2025-12-31","Chrome","143.0",1,1,0,1,1
"2026-01-02","Chrome","125.0",2,2,0,0,4
"2026-01-02","Chrome","143.0",1,1,0,0,2
"2026-01-02","Chrome","117.0",1,1,0,1,1
"2026-01-06","Chrome","142.0",1,1,34,0,4
"2026-01-07","Chrome","138.0",2,2,0,0,4
"2026-01-07","Chrome","125.0",1,1,0,1,1
"2026-01-07","Chrome","117.0",1,1,0,1,1
"2026-01-07","Chrome","143.0",1,1,0,1,1
"2026-01-08","Chrome","143.0",2,2,0,1,3
"2026-01-10","Safari","26.1",1,1,128,0,7
"2026-01-10","Chrome","143.0",3,3,0,1,5
"2026-01-12","Chrome","142.0",1,1,0,1,1
"2026-01-12","Chrome","125.0",1,1,0,0,2
"2026-01-12","Chrome","117.0",1,1,0,0,2
"2026-01-13","Chrome","125.0",1,1,0,0,2
"2026-01-13","Chrome","117.0",1,1,0,1,1
"2026-01-17","Chrome","143.0",1,1,0,0,2
"2026-01-21","Chrome","141.0",1,1,0,1,1
"2026-01-21","Chrome","143.0",2,2,0,1,3
"2026-01-22","Chrome","142.0",1,1,7,0,4
"2026-01-22","Chrome","139.0",1,1,0,0,2
"2026-01-22","Safari","16.6",1,1,0,1,1
"2026-01-24","Chrome","139.0",1,1,0,1,1
"2026-01-25","Chrome","139.0",1,1,2,0,2
"2026-01-25","Chrome","117.0",1,1,0,0,2
"2026-01-25","Chrome","125.0",1,1,0,0,2
"2026-01-27","Chrome","139.0",1,1,0,0,2
"2026-01-27","Chrome","143.0",1,1,5,0,4
"2026-01-27","Chrome","117.0",1,1,0,1,1
"2026-01-27","Chrome","125.0",1,1,0,0,2
"2026-01-27","Chrome","130.0",1,1,1,0,2
"2026-01-28","Chrome","117.0",1,1,0,1,1
"2026-01-29","Chrome","144.0",1,1,0,0,2
"2026-01-29","Chrome","139.0",1,1,0,0,2
"2026-01-30","Chrome","137.0",1,1,0,1,1
"2026-02-01","Chrome","139.0",1,1,0,1,1
"2026-02-01","Safari","26.2",1,1,0,1,1
"2026-02-02","Chrome","143.0",1,1,1,0,2
"2026-02-03","Chrome","139.0",1,1,0,0,2
"2026-02-03","Safari","13.0",1,1,0,1,1
"2026-02-03","Safari","26.2",1,1,0,1,1
"2026-02-04","Chrome","139.0",1,1,0,1,1
"2026-02-05","Chrome","144.0",1,1,0,0,2
"2026-02-05","360 Secure Browser","",2,2,0,2,2
"2026-02-05","Chrome","139.0",2,2,0,0,4
"2026-02-05","Chrome","117.0",1,1,0,0,2
"2026-02-05","Chrome","125.0",1,1,0,0,2
"2026-02-05","Chrome","138.0",1,1,0,1,1
"2026-02-06","Chrome","144.0",1,1,0,0,2
"2026-02-06","Chrome","131.0",1,1,0,0,2
"2026-02-06","Smart Lenovo Browser","9.0",1,1,0,1,1
"2026-02-06","360 Secure Browser","",2,2,0,2,2
"2026-02-06","Chrome","138.0",4,4,0,4,4
"2026-02-07","Chrome","138.0",5,5,0,5,5
"2026-02-08","Chrome","139.0",1,1,4,0,2
"2026-02-08","Chrome","108.0",1,1,0,1,1
"2026-02-09","Chrome","144.0",1,1,0,1,1
"2026-02-09","Safari","26.2",1,1,0,1,1
"2026-02-10","Chrome","144.0",1,1,0,1,1
"2026-02-10","Chrome","133.0",1,1,0,1,1
"2026-02-10","Chrome","139.0",2,2,0,2,2
"2026-02-10","Chrome","138.0",1,1,0,1,1
"2026-02-11","Chrome","144.0",1,1,0,1,1
"2026-02-11","Chrome","139.0",1,1,0,1,1
"2026-02-12","Chrome","139.0",2,2,0,2,2
"2026-02-12","Mobile App","",1,1,0,1,1
"2026-02-12","Chrome","144.0",1,1,0,1,1
"2026-02-12","Chrome","125.0",1,1,0,1,1
"2026-02-12","Chrome","143.0",1,1,12,0,1
"2026-02-13","Firefox","5.0",1,1,0,1,1
"2026-02-13","Chrome","139.0",2,2,0,2,2
"2026-02-13","Chrome","144.0",1,1,0,1,1
"2026-02-13","Microsoft Edge","144.0",1,1,105,0,1
"2026-02-13","Safari","26.2",1,1,0,1,1
"2026-02-14","Chrome","139.0",2,2,0,2,2
"2026-02-15","Chrome","144.0",2,2,0,2,2
"2026-02-15","Safari","26.2",1,1,0,1,1
"2026-02-16","Chrome","139.0",1,1,0,1,1
"2026-02-16","Safari","26.2",1,1,0,1,1
"2026-02-17","Chrome","144.0",2,2,0,2,2
"2026-02-18","Chrome","139.0",2,2,0,2,2
"2026-02-18","Chrome","144.0",4,4,20,3,5
"2026-02-18","Safari","26.2",1,1,41,0,1
"2026-02-19","Safari","26.3",1,1,0,1,1
"2026-02-19","Chrome","139.0",1,1,0,1,1
"2026-02-19","Chrome","92.0",1,1,0,0,2
"2026-02-19","Mobile App","",2,2,0,2,2
"2026-02-19","Chrome","132.0",1,1,0,1,1
"2026-02-19","Safari","26.2",1,1,0,1,1
"2026-02-19","Chrome","143.0",1,1,0,1,1
"2026-02-19","Chrome","125.0",1,1,0,1,1
"2026-02-20","Chrome","58.0",1,1,0,1,1
"2026-02-20","Chrome","52.0",1,1,0,1,1
"2026-02-20","Chrome","56.0",1,1,0,1,1
"2026-02-20","Chrome","139.0",4,4,0,4,4
"2026-02-20","Chrome","54.0",1,1,0,1,1
"2026-02-20","Chrome","50.0",1,1,0,1,1
"2026-02-20","Chrome","47.0",2,2,0,2,2
"2026-02-20","Mobile App","",1,1,0,1,1
"2026-02-20","Chrome","41.0",2,2,0,2,2
"2026-02-20","Chrome","45.0",1,1,0,1,1
"2026-02-20","Chrome","144.0",3,3,6,2,4
"2026-02-20","Chrome","55.0",1,1,0,1,1
"2026-02-20","Chrome","59.0",1,1,0,1,1
"2026-02-20","Chrome","40.0",1,1,0,1,1
"2026-02-20","Chrome","145.0",2,2,0,2,2
"2026-02-20","Chrome","44.0",1,1,0,1,1
"2026-02-20","Chrome","46.0",1,1,0,1,1
"2026-02-20","Firefox","147.0",1,1,0,1,1
"2026-02-20","Chrome","42.0",1,1,0,1,1
"2026-02-20","Chrome","143.0",1,1,0,1,1
"2026-02-21","Chrome","139.0",1,1,0,1,1
"2026-02-21","Chrome","142.0",1,1,0,1,1
"2026-02-21","Mobile App","",1,1,0,1,1
"2026-02-21","Chrome","125.0",1,1,0,0,2
"2026-02-21","Chrome","145.0",1,1,1201,0,2
"2026-02-22","Firefox","5.0",1,1,0,1,1
"2026-02-22","Chrome","125.0",1,1,0,1,1
"2026-02-22","Chrome","117.0",1,1,0,1,1
"2026-02-23","Chrome","139.0",2,2,0,2,2
"2026-02-23","Mobile App","",1,1,0,1,1
"2026-02-23","Chrome","144.0",1,1,44,0,4
"2026-02-24","Chrome","144.0",2,2,14,0,5
"2026-02-24","Chrome","145.0",1,1,0,1,1
"2026-02-25","Chrome","139.0",1,1,0,1,1
"2026-02-25","Safari","18.6",1,1,105,0,2
"2026-02-25","Chrome","143.0",1,1,2428,0,5
"2026-02-25","Chrome","145.0",1,1,339,0,2
"2026-02-26","Chrome","139.0",1,1,0,1,1
"2026-02-26","","",1,1,0,1,1
"2026-02-26","Chrome","144.0",1,1,9,0,3
"2026-02-26","Chrome","138.0",1,1,0,1,1
"2026-02-26","Safari","18.6",1,1,0,1,1
"2026-02-26","Chrome","143.0",1,1,201,0,4
"2026-02-26","Chrome","145.0",1,1,0,1,1
"2026-02-27","Chrome","139.0",2,2,0,2,2
"2026-02-27","","",1,1,12,0,2
"2026-02-27","Chrome","145.0",2,2,0,2,2
"2026-02-28","Chrome","138.0",4,4,0,4,4
"2026-02-28","Chrome","144.0",2,2,1095,1,3
"2026-02-28","Firefox","148.0",1,1,338,0,4
"2026-02-28","Chrome","139.0",1,1,0,1,1
"2026-03-01","","",3,3,0,3,3
"2026-03-01","Chrome","138.0",2,2,0,2,2
"2026-03-01","Safari","26.1",1,1,0,1,1
"2026-03-01","Safari","26.3",1,1,0,1,1
"2026-03-01","Chrome","139.0",1,1,0,1,1
"2026-03-02","Chrome","145.0",3,3,0,3,3
"2026-03-02","Chrome","132.0",1,1,0,1,1
"2026-03-02","Chrome","139.0",3,3,0,3,3
"2026-03-03","Chrome","145.0",1,1,12,0,4
"2026-03-03","Chrome","139.0",1,1,0,1,1
"2026-03-04","Chrome","145.0",2,2,0,2,2
"2026-03-04","Chrome","117.0",2,2,0,2,2
"2026-03-04","Chrome","138.0",1,1,0,1,1
"2026-03-04","Safari","18.6",1,1,0,1,1
"2026-03-04","Chrome","139.0",1,1,0,1,1
"2026-03-04","Safari","26.3",1,1,0,1,1
"2026-03-05","Microsoft Edge","145.0",1,1,789,0,2
"2026-03-05","Chrome","145.0",1,1,0,1,1
"2026-03-05","Chrome","117.0",2,2,0,2,2
"2026-03-05","Chrome","79.0",1,1,0,1,1
"2026-03-05","Chrome","139.0",5,5,0,5,5
"2026-03-06","Chrome","145.0",1,1,0,1,1
"2026-03-06","","",1,1,0,1,1
"2026-03-06","Chrome","142.0",1,1,0,1,1
"2026-03-06","Chrome","139.0",4,4,0,4,4
"2026-03-07","Chrome","145.0",1,1,0,1,1
"2026-03-07","","",1,1,0,1,1
"2026-03-07","Chrome","139.0",3,3,0,3,3
"2026-03-08","Chrome","117.0",1,1,0,1,1
"2026-03-08","Chrome","145.0",2,2,204,1,3
"2026-03-08","Chrome","138.0",1,1,0,1,1
"2026-03-08","Chrome","144.0",1,1,0,1,1
"2026-03-08","","",1,2,0,2,2
"2026-03-08","Chrome","139.0",1,1,0,1,1
"2026-03-09","Chrome","145.0",3,4,1001,1,14
"2026-03-09","","",1,1,0,1,1
"2026-03-09","Chrome","144.0",1,1,6,0,2
"2026-03-09","Chrome","142.0",2,2,0,2,2
"2026-03-09","Safari","26.3",1,1,0,1,1
"2026-03-09","Safari","13.0",1,1,0,1,1
"2026-03-09","Chrome","139.0",1,1,0,1,1
"2026-03-10","Chrome","145.0",7,7,0,7,7
"2026-03-10","Safari","26.0",2,2,0,2,2
"2026-03-10","Safari","18.0",1,1,681,0,2
"2026-03-10","Safari","26.1",1,1,0,1,1
"2026-03-10","Safari","17.2",1,1,10,0,3
"2026-03-10","Chrome","139.0",1,1,0,1,1
"2026-03-10","Safari","13.0",10,10,0,10,10
"2026-03-11","Chrome","99.0",1,1,0,1,1
"2026-03-11","Chrome","145.0",1,1,0,1,1
"2026-03-11","Safari","15.4",1,1,0,1,1
"2026-03-11","Safari","26.1",1,1,0,1,1
"2026-03-11","Chrome","139.0",1,1,0,1,1
"2026-03-12","Chrome","145.0",1,1,0,1,1
"2026-03-12","Safari","26.2",1,1,0,1,1
"2026-03-12","Chrome","138.0",1,1,0,1,1
"2026-03-12","Chrome","142.0",1,1,0,1,1
"2026-03-12","Safari","26.3",1,1,0,1,1
"2026-03-13","Chrome","145.0",1,1,0,1,1
"2026-03-13","Safari","26.2",1,1,0,1,1
"2026-03-13","Chrome","144.0",2,2,0,2,2
"2026-03-13","Chrome","133.0",1,1,0,1,1
"2026-03-13","Safari","26.3",1,1,0,1,1
"2026-03-13","Safari","18.7",1,1,0,1,1
"2026-03-13","Safari","26.1",1,1,54,0,2
"2026-03-13","","",1,1,0,1,1
"2026-03-14","Chrome","145.0",3,3,0,3,3
"2026-03-14","Chrome","69.0",1,1,0,1,1
"2026-03-14","Safari","26.2",2,2,0,2,2
"2026-03-14","Firefox","148.0",1,1,0,1,1
"2026-03-14","Chrome","142.0",2,2,0,2,2
"2026-03-14","Chrome","139.0",1,1,0,1,1
"2026-03-14","","",2,2,0,2,2
"2026-03-14","Microsoft Edge","146.0",1,1,0,1,1
"2026-03-15","Chrome","145.0",2,2,0,2,2
"2026-03-15","Chrome","138.0",2,2,0,2,2
"2026-03-15","Mobile App","",1,1,0,1,1
"2026-03-15","Chrome","139.0",1,1,0,1,1
"2026-03-15","Safari","26.3",2,2,3,1,3
"2026-03-15","Safari","18.5",1,1,0,1,1
"2026-03-16","Microsoft Edge","145.0",2,2,0,2,2
"2026-03-16","Chrome","145.0",2,2,0,2,2
"2026-03-16","Chrome","139.0",1,1,0,1,1
"2026-03-16","Safari","26.3",1,1,0,1,1
"2026-03-16","Chrome","142.0",2,2,0,2,2
"2026-03-16","Chrome","146.0",1,1,0,1,1
"2026-03-17","Chrome","145.0",1,1,0,1,1
"2026-03-17","Chrome","91.0",3,3,0,3,3
"2026-03-17","","",1,1,0,1,1
"2026-03-17","Chrome","139.0",1,1,0,1,1
"2026-03-17","Safari","18.5",1,1,0,1,1
"2026-03-17","Chrome","142.0",2,2,0,2,2
"2026-03-18","Safari","26.2",1,1,0,1,1
"2026-03-18","Safari","18.6",1,1,0,1,1
"2026-03-18","Chrome","145.0",1,1,0,1,1
"2026-03-18","Chrome","131.0",1,1,0,1,1
"2026-03-18","Safari","26.3",3,3,42,2,4
"2026-03-18","Chrome","142.0",4,4,0,4,4
"2026-03-19","Microsoft Edge","146.0",1,1,0,1,1
"2026-03-19","Chrome","69.0",1,1,0,1,1
"2026-03-19","Chrome","138.0",1,1,0,1,1
"2026-03-19","Chrome","145.0",1,1,0,1,1
"2026-03-19","","",2,2,0,2,2
"2026-03-19","Microsoft Edge","129.0",1,1,0,1,1
"2026-03-19","Chrome","139.0",1,1,0,1,1
"2026-03-19","Chrome","142.0",3,3,0,3,3
"2026-03-20","Microsoft Edge","146.0",2,2,0,2,2
"2026-03-20","Chrome","139.0",1,1,0,1,1
"2026-03-20","Chrome","146.0",3,3,0,3,3
"2026-03-20","Chrome","142.0",5,5,0,5,5
"2026-03-21","Chrome","69.0",1,1,0,1,1
"2026-03-21","","",2,2,0,2,2
"2026-03-21","Chrome","131.0",1,1,0,1,1
"2026-03-21","Safari","18.3",1,1,0,1,1
"2026-03-21","Chrome","83.0",1,1,0,1,1
"2026-03-21","Chrome","146.0",4,5,1310,2,20
"2026-03-21","Chrome","142.0",3,3,0,3,3
"2026-03-21","Mobile App","",1,1,0,1,1
"2026-03-22","Safari","26.2",1,1,0,1,1
"2026-03-22","Safari","26.0",1,1,0,1,1
"2026-03-22","","",2,2,0,2,2
"2026-03-22","Opera","128.0",1,1,0,1,1
"2026-03-22","Safari","26.3",2,2,0,2,2
"2026-03-22","Microsoft Edge","146.0",3,3,0,3,3
"2026-03-22","Safari","18.7",1,2,0,2,2
"2026-03-22","Chrome","131.0",2,2,0,2,2
"2026-03-22","Chrome","103.0",1,1,0,1,1
"2026-03-22","Chrome","139.0",1,1,0,1,1
"2026-03-22","Chrome","120.0",1,1,0,1,1
"2026-03-22","Mobile App","",2,2,0,2,2
"2026-03-22","Chrome","142.0",2,2,0,2,2
"2026-03-22","Chrome","116.0",1,1,0,1,1
"2026-03-22","Chrome","146.0",3,3,0,3,3
"2026-03-23","Chrome","57.0",1,1,0,1,1
"2026-03-23","Chrome","145.0",2,2,0,2,2
"2026-03-23","Safari","26.3",1,1,185,0,3
"2026-03-23","Safari","18.3",2,2,0,2,2
"2026-03-23","Chrome","54.0",1,1,0,1,1
"2026-03-23","Chrome","139.0",1,1,0,1,1
"2026-03-23","Chrome","56.0",2,2,0,2,2
"2026-03-23","Microsoft Edge","146.0",2,2,0,2,2
"2026-03-23","Opera","95.0",2,2,0,2,2
"2026-03-23","Chrome","116.0",1,1,0,1,1
"2026-03-23","Chrome","142.0",1,1,0,1,1
"2026-03-23","Chrome","47.0",3,3,0,3,3
"2026-03-23","Chrome","146.0",3,3,0,3,3
"2026-03-24","Safari","26.2",1,1,0,1,1
"2026-03-24","Chrome","138.0",2,2,0,2,2
"2026-03-24","Chrome","69.0",1,1,0,1,1
"2026-03-24","Chrome","103.0",3,3,0,3,3
"2026-03-24","Chrome","133.0",1,1,0,1,1
"2026-03-24","Chrome","139.0",1,1,0,1,1
"2026-03-24","Chrome","107.0",1,1,0,1,1
"2026-03-24","Chrome","105.0",1,1,0,1,1
"2026-03-24","Safari","26.3",1,1,0,1,1
"2026-03-24","Chrome","131.0",1,1,0,1,1
"2026-03-24","Chrome","142.0",3,3,0,3,3
"2026-03-24","Chrome","116.0",1,1,0,1,1
"2026-03-24","Chrome","112.0",1,1,0,1,1
"2026-03-24","Chrome","146.0",5,6,0,6,6
"2026-03-24","","",2,2,0,2,2
"2026-03-24","Chrome","120.0",2,2,0,2,2
"2026-03-24","Chrome","110.0",2,2,0,2,2
"2026-03-24","Chrome","124.0",1,1,0,1,1
"2026-03-25","Chrome","104.0",3,3,0,3,3
"2026-03-25","Chrome","108.0",1,1,0,1,1
"2026-03-25","Safari","18.6",3,3,346,2,4
"2026-03-25","Chrome","138.0",1,1,0,1,1
"2026-03-25","Safari","26.2",1,2,0,2,2
"2026-03-25","Chrome","69.0",1,1,0,1,1
"2026-03-25","Chrome","145.0",1,1,0,1,1
"2026-03-25","Chrome","117.0",2,2,0,2,2
"2026-03-25","Chrome","133.0",1,1,0,1,1
"2026-03-25","Chrome","103.0",3,3,0,3,3
"2026-03-25","Chrome","109.0",1,1,0,1,1
"2026-03-25","Microsoft Edge","145.0",1,1,0,1,1
"2026-03-25","Chrome","105.0",1,1,0,1,1
"2026-03-25","Chrome","131.0",1,1,0,1,1
"2026-03-25","Chrome","116.0",2,2,0,2,2
"2026-03-25","Chrome","142.0",2,2,0,2,2
"2026-03-25","Firefox","148.0",1,1,0,1,1
"2026-03-25","Chrome","146.0",2,2,39,1,3
"2026-03-25","Chrome","112.0",1,1,0,1,1
"2026-03-25","Chrome","110.0",1,1,0,1,1
"2026-03-25","Chrome","120.0",3,3,0,3,3
"2026-03-25","Chrome","124.0",3,3,0,3,3
"2026-03-26","Chrome","104.0",2,2,0,2,2
"2026-03-26","Chrome","106.0",1,1,0,1,1
"2026-03-26","Safari","26.4",1,1,0,1,1
"2026-03-26","Chrome","69.0",1,2,0,2,2
"2026-03-26","Chrome","108.0",4,4,0,4,4
"2026-03-26","Chrome","145.0",2,2,0,2,2
"2026-03-26","Chrome","111.0",1,1,0,1,1
"2026-03-26","Ecosia","145.0",1,1,0,1,1
"2026-03-26","Chrome","117.0",2,2,0,2,2
"2026-03-26","Chrome","107.0",2,2,0,2,2
"2026-03-26","Microsoft Edge","146.0",1,1,0,1,1
"2026-03-26","Chrome","133.0",2,2,0,2,2
"2026-03-26","Chrome","109.0",1,1,0,1,1
"2026-03-26","Chrome","103.0",1,1,0,1,1
"2026-03-26","Chrome","131.0",1,1,0,1,1
"2026-03-26","Safari","26.1",1,1,0,1,1
"2026-03-26","Chrome","105.0",1,1,0,1,1
"2026-03-26","Chrome","146.0",4,4,0,4,4
"2026-03-26","Chrome","112.0",2,2,0,2,2
"2026-03-26","Chrome","116.0",4,4,0,4,4
"2026-03-26","Chrome","142.0",2,2,0,2,2
"2026-03-26","","",2,2,0,2,2
"2026-03-26","Chrome","124.0",2,2,0,2,2
"2026-03-26","Chrome","120.0",3,3,0,3,3
"2026-03-27","Safari","26.4",1,1,0,1,1
"2026-03-27","Chrome","106.0",1,1,0,1,1
"2026-03-27","Chrome","132.0",1,1,0,1,1
"2026-03-27","Chrome","108.0",1,1,0,1,1
"2026-03-27","Chrome","111.0",1,1,0,1,1
"2026-03-27","Microsoft Edge","143.0",1,1,0,1,1
"2026-03-27","Chrome","117.0",1,1,0,1,1
"2026-03-27","Chrome","109.0",3,3,0,3,3
"2026-03-27","Chrome","133.0",3,3,0,3,3
"2026-03-27","Microsoft Edge","135.0",1,1,47,0,2
"2026-03-27","Chrome","131.0",4,4,0,4,4
"2026-03-27","Safari","26.3",2,2,0,2,2
"2026-03-27","Chrome","105.0",2,2,0,2,2
"2026-03-27","Chrome","146.0",1,1,0,1,1
"2026-03-27","Chrome","142.0",1,1,0,1,1
"2026-03-27","Samsung Browser","29.0",1,1,0,1,1
"2026-03-27","Chrome","124.0",1,1,0,1,1
"2026-03-27","","",2,3,0,3,3
"2026-03-28","Chrome","106.0",1,1,0,1,1
"2026-03-28","Chrome","138.0",6,6,0,6,6
"2026-03-28","Chrome","131.0",1,1,0,1,1
"2026-03-28","Safari","26.3",1,1,0,1,1
"2026-03-28","","",2,3,0,3,3
"2026-03-28","Safari","18.7",1,1,0,1,1
"2026-03-28","Chrome","107.0",1,1,0,1,1
"2026-03-28","Microsoft Edge","146.0",1,1,0,1,1
"2026-03-28","Samsung Browser","29.0",1,1,232,0,2
"2026-03-28","Chrome","110.0",1,1,0,1,1
"2026-03-28","Chrome","112.0",1,1,0,1,1
"2026-03-28","Chrome","146.0",3,3,98,2,4
"2026-03-28","Chrome","142.0",2,2,0,2,2
"2026-03-28","Chrome","116.0",1,1,0,1,1
"2026-03-29","Chrome","104.0",1,1,0,1,1
"2026-03-29","Firefox","148.3",1,1,0,1,1
"2026-03-29","Chrome","131.0",1,1,0,1,1
"2026-03-29","Safari","26.3",1,1,0,1,1
"2026-03-29","","",1,1,0,1,1
"2026-03-29","Chrome","109.0",1,1,0,1,1
"2026-03-29","Chrome","140.0",2,2,0,2,2
"2026-03-29","Samsung Browser","29.0",1,1,0,1,1
"2026-03-29","Chrome","146.0",7,7,939,4,14
"2026-03-29","Microsoft Edge","146.0",1,1,0,1,1
"2026-03-29","Chrome","112.0",1,1,0,1,1
"2026-03-29","Chrome","142.0",2,2,0,2,2
"2026-03-30","Chrome","108.0",1,1,0,1,1
"2026-03-30","Safari","26.0",1,1,0,1,1
"2026-03-30","Chrome","69.0",1,1,0,1,1
"2026-03-30","Chrome","104.0",1,1,0,1,1
"2026-03-30","Firefox","89.0",1,1,52,0,3
"2026-03-30","Chrome","127.0",1,1,0,1,1
"2026-03-30","Chrome","117.0",1,1,0,1,1
"2026-03-30","Microsoft Edge","146.0",1,1,0,1,1
"2026-03-30","Safari","18.7",1,1,0,1,1
"2026-03-30","Safari","26.3",3,3,0,3,3
"2026-03-30","Chrome","131.0",2,2,0,2,2
"2026-03-30","Chrome","133.0",2,2,0,2,2
"2026-03-30","","",1,1,0,1,1
"2026-03-30","Chrome","109.0",1,1,0,1,1
"2026-03-30","Chrome","103.0",3,3,0,3,3
"2026-03-30","Chrome","110.0",2,2,0,2,2
"2026-03-30","Chrome","120.0",2,2,0,2,2
"2026-03-30","Chrome","116.0",2,2,0,2,2
"2026-03-30","Chrome","142.0",6,6,0,6,6
"2026-03-30","Chrome","146.0",9,9,23,8,10
"2026-03-31","Safari","26.2",1,1,0,1,1
"2026-03-31","Chrome","108.0",1,1,0,1,1
"2026-03-31","Chrome","104.0",1,1,0,1,1
"2026-03-31","Microsoft Edge","146.0",1,1,400,0,3
"2026-03-31","Microsoft Edge","133.0",1,1,237,0,3
"2026-03-31","Safari","26.3",1,1,0,1,1
"2026-03-31","Chrome","105.0",1,1,0,1,1
"2026-03-31","","",2,2,0,2,2
"2026-03-31","Chrome","131.0",1,1,0,1,1
"2026-03-31","Chrome","109.0",1,1,0,1,1
"2026-03-31","Chrome","133.0",1,1,0,1,1
"2026-03-31","Microsoft Edge","145.0",1,1,0,1,1
"2026-03-31","Chrome","142.0",2,2,0,2,2
"2026-03-31","Chrome","116.0",1,1,0,1,1
"2026-03-31","Chrome","146.0",6,6,364,5,9
"2026-04-01","","",1,1,0,1,1
"2026-04-01","Safari","26.3",1,4,366,3,5
"2026-04-01","Chrome","103.0",1,1,0,1,1
"2026-04-01","Chrome","133.0",1,1,0,1,1
"2026-04-01","Chrome","139.0",2,2,0,2,2
"2026-04-01","Chrome","144.0",1,1,0,1,1
"2026-04-01","Chrome","146.0",6,6,1759,5,20
"2026-04-01","Mobile App","",1,1,0,1,1
"2026-04-01","Safari","26.4",1,1,0,1,1
"2026-04-01","Chrome","69.0",1,1,0,1,1
"2026-04-01","Chrome","138.0",1,1,0,1,1
"2026-04-01","Safari","18.6",2,2,0,2,2
"2026-04-01","Chrome","104.0",1,1,0,1,1
"2026-04-01","Chrome","143.0",1,1,0,1,1
"2026-04-01","Chrome","141.0",1,1,0,1,1
"2026-04-01","Chrome","111.0",1,1,0,1,1
"2026-04-01","Chrome","145.0",2,2,0,2,2
"2026-04-02","Chrome","131.0",2,2,0,2,2
"2026-04-02","Safari","26.3",1,1,0,1,1
"2026-04-02","Safari","18.5",1,1,355,0,2
"2026-04-02","Safari","17.4",1,1,0,1,1
"2026-04-02","Chrome","110.0",1,1,0,1,1
"2026-04-02","Chrome","146.0",3,4,0,4,4
"2026-04-02","Chrome","112.0",2,2,0,2,2
"2026-04-02","Mobile App","",2,2,0,2,2
"2026-04-02","Chrome","69.0",1,1,0,1,1
"2026-04-02","Safari","26.4",1,1,0,1,1
"2026-04-02","Safari","18.6",2,2,0,2,2
"2026-04-02","Microsoft Edge","146.0",2,2,0,2,2
"2026-04-02","Chrome","117.0",1,1,0,1,1
"2026-04-03","Safari","26.1",1,1,0,1,1
"2026-04-03","Chrome","135.0",1,1,0,1,1
"2026-04-03","Safari","18.5",1,1,0,1,1
"2026-04-03","Safari","26.3",2,2,0,2,2
"2026-04-03","Chrome","131.0",1,1,0,1,1
"2026-04-03","Chrome","109.0",1,1,0,1,1
"2026-04-03","","",1,2,0,2,2
"2026-04-03","Microsoft Edge","146.0",1,1,0,1,1
"2026-04-03","Firefox","137.0",1,1,0,1,1
"2026-04-03","Chrome","110.0",1,1,0,1,1
"2026-04-03","Chrome","140.0",2,2,31,0,6
"2026-04-03","Mobile App","",1,1,0,1,1
"2026-04-03","Chrome","142.0",4,4,0,4,4
"2026-04-03","Chrome","146.0",5,5,0,5,5
"2026-04-03","Chrome","112.0",1,1,0,1,1
"2026-04-03","Safari","26.2",1,1,0,1,1
"2026-04-03","Chrome","138.0",2,2,0,2,2
"2026-04-03","Chrome","69.0",2,2,0,2,2
"2026-04-03","Chrome","104.0",1,1,0,1,1
"2026-04-03","Ecosia","145.0",1,1,0,1,1
"2026-04-03","Chrome","141.0",1,1,0,1,1
"2026-04-04","","",2,2,0,2,2
"2026-04-04","Safari","26.1",1,1,0,1,1
"2026-04-04","Chrome","139.0",2,2,0,2,2
"2026-04-04","Smart Lenovo Browser","9.0",1,1,0,1,1
"2026-04-04","Chrome","142.0",1,1,0,1,1
"2026-04-04","Mobile App","",1,1,0,1,1
"2026-04-04","Chrome","116.0",1,1,0,1,1
"2026-04-04","Chrome","112.0",1,1,0,1,1
"2026-04-04","Microsoft Edge","146.0",1,1,0,1,1
"2026-04-04","Chrome","146.0",3,3,0,3,3
"2026-04-04","Firefox","138.0",1,1,0,1,1
"2026-04-04","Safari","26.4",2,2,0,2,2
"2026-04-04","Chrome","106.0",1,1,0,1,1
"2026-04-04","Chrome","104.0",1,1,0,1,1
"2026-04-04","Microsoft Edge","117.0",1,1,0,1,1
"2026-04-04","Chrome","119.0",1,1,0,1,1
"2026-04-05","Chrome","103.0",1,1,0,1,1
"2026-04-05","Chrome","139.0",3,3,0,3,3
"2026-04-05","Samsung Browser","29.0",1,1,0,1,1
"2026-04-05","Microsoft Edge","146.0",4,4,3524,3,6
"2026-04-05","Chrome","105.0",1,1,0,1,1
"2026-04-05","Safari","26.3",5,5,0,5,5
"2026-04-05","Safari","18.7",1,1,0,1,1
"2026-04-05","Chrome","131.0",1,1,0,1,1
"2026-04-05","Chrome","142.0",1,1,0,1,1
"2026-04-05","Chrome","146.0",2,2,0,2,2
"2026-04-05","Chrome","144.0",2,2,0,2,2
"2026-04-05","Chrome","104.0",1,1,0,1,1
"2026-04-05","Chrome","145.0",2,2,0,2,2
"2026-04-06","Chrome","107.0",1,1,0,1,1
"2026-04-06","Safari","26.3",1,1,0,1,1
"2026-04-06","","",3,3,294,2,4
"2026-04-06","Chrome","142.0",5,5,0,5,5
"2026-04-06","Microsoft Edge","146.0",1,1,0,1,1
"2026-04-06","Mobile App","",1,1,0,1,1
"2026-04-06","Chrome","146.0",6,7,0,7,7
"2026-04-06","Chrome","69.0",1,1,0,1,1
"2026-04-06","Chrome","106.0",1,1,0,1,1
"2026-04-06","Chrome","111.0",1,1,0,1,1
"2026-04-06","Firefox","149.0",1,1,0,1,1
"2026-04-06","Chrome","117.0",1,1,0,1,1
"2026-04-07","Safari","26.3",6,6,2322,5,9
"2026-04-07","Chrome","146.0",5,5,255,4,6
"2026-04-07","Chrome","116.0",1,1,0,1,1
"2026-04-07","","",2,2,0,2,2
"2026-04-07","Chrome","142.0",1,1,0,1,1
"2026-04-07","Chrome","140.0",1,1,0,0,3
"2026-04-07","Chrome","124.0",1,1,0,1,1
"2026-04-07","Chrome","114.0",1,1,0,1,1
"2026-04-07","Chrome","144.0",1,1,0,1,1
"2026-04-07","Safari","26.4",2,3,0,3,3
"2026-04-07","Chrome","69.0",2,2,0,2,2
"2026-04-07","Chrome","132.0",1,1,0,1,1
"2026-04-07","Chrome","138.0",3,3,0,3,3
"2026-04-08","Chrome","139.0",1,1,0,1,1
"2026-04-08","Chrome","131.0",3,3,0,3,3
"2026-04-08","Safari","26.3",2,2,759,1,3
"2026-04-08","Chrome","105.0",1,1,0,1,1
"2026-04-08","Chrome","146.0",2,2,0,2,2
"2026-04-08","Chrome","142.0",2,2,0,1,4
"2026-04-08","Firefox","149.1",1,1,0,1,1
"2026-04-08","Chrome","110.0",1,1,0,1,1
"2026-04-08","Microsoft Edge","146.0",1,1,0,1,1
"2026-04-08","Chrome","69.0",2,2,0,2,2
"2026-04-08","Chrome","136.0",1,1,0,1,1
"2026-04-08","Chrome","138.0",1,1,0,1,1
"2026-04-08","Safari","18.6",1,2,0,2,2
"2026-04-08","Chrome","108.0",2,2,0,2,2
"2026-04-08","Chrome","125.0",8,8,0,8,8
"2026-04-08","Chrome","111.0",1,1,0,1,1
"2026-04-08","Chrome","145.0",1,1,0,1,1
"2026-04-08","Chrome","119.0",1,1,0,1,1
"2026-04-09","Microsoft Edge","146.0",2,2,131,1,3
"2026-04-09","Chrome","135.0",1,1,0,1,1
"2026-04-09","Safari","26.3",1,1,0,1,1
"2026-04-09","Chrome","107.0",1,1,0,1,1
"2026-04-09","Chrome","137.0",1,1,0,1,1
"2026-04-09","Chrome","133.0",1,1,0,1,1
"2026-04-09","Chrome","103.0",1,1,0,1,1
"2026-04-09","Chrome","146.0",10,11,470,9,14
"2026-04-09","Chrome","116.0",1,1,0,1,1
"2026-04-09","Mobile App","",2,2,136,1,3
"2026-04-09","Chrome","142.0",1,1,0,1,1
"2026-04-09","Android Browser","",1,1,0,1,1
"2026-04-09","Safari","26.4",1,1,0,1,1
"2026-04-09","Chrome","69.0",1,1,0,1,1
"2026-04-09","Chrome","147.0",2,2,3998,1,13
"2026-04-09","Chrome","117.0",1,1,0,1,1
"2026-04-10","Safari","26.3",2,3,1555,2,5
"2026-04-10","Chrome","105.0",1,1,0,1,1
"2026-04-10","Safari","15.6",1,1,549,0,5
"2026-04-10","Safari","26.1",1,1,0,1,1
"2026-04-10","Mobile App","131.0",1,1,0,1,1
"2026-04-10","Chrome","133.0",1,1,0,1,1
"2026-04-10","Microsoft Edge","146.0",2,2,1036,1,4
"2026-04-10","Chrome","110.0",1,1,0,1,1
"2026-04-10","Safari","",1,1,0,1,1
"2026-04-10","Chrome","146.0",9,9,5,8,10
"2026-04-10","Chrome","142.0",4,4,0,4,4
"2026-04-10","Mobile App","",2,2,0,2,2
"2026-04-10","Chrome","69.0",2,2,0,2,2
"2026-04-10","Chrome","106.0",1,1,0,1,1
"2026-04-10","Chrome","134.0",1,1,0,1,1
"2026-04-10","Chrome","147.0",4,4,1297,1,9
"2026-04-10","Chrome","117.0",1,1,0,1,1
"2026-04-11","Safari","26.3",6,6,1900,5,7
"2026-04-11","Chrome","131.0",2,2,0,2,2
"2026-04-11","Chrome","109.0",1,1,0,1,1
"2026-04-11","Chrome","133.0",1,1,0,1,1
"2026-04-11","Chrome","139.0",1,1,0,1,1
"2026-04-11","Safari","17.6",1,1,0,1,1
"2026-04-11","Chrome","120.0",1,1,0,1,1
"2026-04-11","Android Browser","",1,1,0,1,1
"2026-04-11","Mobile App","",1,1,0,1,1
"2026-04-11","Firefox","142.0",1,1,0,1,1
"2026-04-11","Chrome","142.0",1,1,0,1,1
"2026-04-11","Opera","97.0",1,1,0,1,1
"2026-04-11","Chrome","112.0",1,1,0,1,1
"2026-04-11","Chrome","146.0",4,4,0,4,4
"2026-04-11","Safari","26.2",1,1,0,1,1
"2026-04-11","Safari","26.4",1,1,0,1,1
"2026-04-11","Chrome","69.0",2,2,0,2,2
"2026-04-11","Chrome","117.0",1,1,0,0,1
"2026-04-11","Chrome","147.0",1,1,0,1,1
"2026-04-11","Microsoft Edge","146.0",1,1,0,1,1
"2026-04-11","Chrome","141.0",1,1,0,1,1
"2026-04-12","Safari","26.3",3,3,219,2,5
"2026-04-12","Chrome","105.0",1,1,0,1,1
"2026-04-12","Safari","18.5",1,2,5,1,3
"2026-04-12","Android Browser","",3,3,0,3,3
"2026-04-12","Microsoft Edge","147.0",1,1,0,1,1
"2026-04-12","Chrome","139.0",1,1,0,1,1
"2026-04-12","Chrome","103.0",1,1,0,1,1
"2026-04-12","Chrome","110.0",1,1,0,1,1
"2026-04-12","Chrome","116.0",1,1,0,1,1
"2026-04-12","Mobile App","",4,4,0,4,4
"2026-04-12","Chrome","146.0",4,4,0,4,4
"2026-04-12","Chrome","138.0",2,2,0,2,2
"2026-04-12","Samsung Browser","29.0",1,1,0,1,1
"2026-04-12","Microsoft Edge","146.0",4,4,0,4,4
"2026-04-12","","",1,1,0,1,1
"2026-04-12","Chrome","69.0",1,1,0,1,1
"2026-04-12","Safari","26.4",2,2,0,2,2
"2026-04-12","Chrome","147.0",1,1,0,1,1
"2026-04-12","Microsoft Edge","131.0",1,1,0,1,1
"2026-04-12","UC Browser","15.1",1,1,0,1,1
"2026-04-13","Chrome","109.0",1,1,0,1,1
"2026-04-13","Chrome","103.0",1,1,0,1,1
"2026-04-13","Chrome","107.0",1,1,0,1,1
"2026-04-13","Chrome","105.0",1,1,0,1,1
"2026-04-13","Safari","26.3",1,1,0,1,1
"2026-04-13","Chrome","131.0",2,2,0,2,2
"2026-04-13","Mobile App","",2,2,0,2,2
"2026-04-13","Chrome","142.0",2,2,0,2,2
"2026-04-13","Firefox","142.0",2,2,0,2,2
"2026-04-13","Chrome","146.0",8,9,1141,6,17
"2026-04-13","Chrome","120.0",1,1,0,1,1
"2026-04-13","Chrome","124.0",1,1,0,1,1
"2026-04-13","Android Browser","",1,1,0,1,1
"2026-04-13","Chrome","108.0",1,1,0,1,1
"2026-04-13","Safari","26.2",1,1,0,1,1
"2026-04-13","Chrome","138.0",1,1,64,0,3
"2026-04-13","Chrome","106.0",3,3,0,3,3
"2026-04-13","Safari","26.4",1,1,0,1,1
"2026-04-13","Chrome","69.0",2,2,0,2,2
"2026-04-13","Chrome","111.0",2,2,0,2,2
"2026-04-13","Chrome","91.0",1,1,0,1,1
"2026-04-13","Chrome","117.0",2,2,0,2,2
"2026-04-13","Microsoft Edge","146.0",2,2,0,2,2
"2026-04-13","","",2,2,0,2,2
"2026-04-13","Chrome","129.0",1,1,222,0,2
"2026-04-14","Chrome","133.0",1,1,0,1,1
"2026-04-14","Microsoft Edge","147.0",1,1,0,1,1
"2026-04-14","Safari","17.4",1,1,0,1,1
"2026-04-14","Safari","26.3",2,2,0,2,2
"2026-04-14","Android Browser","",3,3,0,3,3
"2026-04-14","Chrome","131.0",1,1,0,1,1
"2026-04-14","Chrome","142.0",1,1,0,1,1
"2026-04-14","Mobile App","",5,5,0,5,5
"2026-04-14","Chrome","146.0",3,3,0,3,3
"2026-04-14","Chrome","144.0",1,1,0,1,1
"2026-04-14","Chrome","134.0",2,2,0,2,2
"2026-04-14","Chrome","138.0",2,2,0,2,2
"2026-04-14","Chrome","69.0",2,2,0,2,2
"2026-04-14","","",2,2,0,2,2
"2026-04-14","Chrome","117.0",1,1,0,1,1
"2026-04-14","Firefox","149.0",1,1,0,1,1
"2026-04-15","Chrome","107.0",1,1,0,1,1
"2026-04-15","Chrome","133.0",4,4,0,4,4
"2026-04-15","Microsoft Edge","146.0",1,1,0,1,1
"2026-04-15","Safari","26.3",1,1,0,1,1
"2026-04-15","Safari","26.1",1,1,0,1,1
"2026-04-15","Chrome","146.0",2,2,851,0,5
"2026-04-15","Mobile App","",2,2,0,2,2
"2026-04-15","Chrome","142.0",5,5,0,5,5
"2026-04-15","Chrome","116.0",2,2,0,2,2
"2026-04-15","Chrome","124.0",2,2,0,2,2
"2026-04-15","Chrome","144.0",1,1,0,1,1
"2026-04-15","Microsoft Edge","147.0",1,1,264,0,1
"2026-04-15","Chrome","104.0",1,1,0,1,1
"2026-04-15","Chrome","69.0",1,1,0,1,1
"2026-04-15","Chrome","132.0",1,1,0,1,1
"2026-04-15","Android Browser","",4,4,0,4,4
"2026-04-15","Chrome","138.0",2,2,0,2,2
"2026-04-15","","",2,2,0,2,2
"2026-04-15","Chrome","125.0",1,1,0,1,1
"2026-04-15","Chrome","147.0",1,1,0,1,1
"2026-04-15","Chrome","117.0",2,2,0,2,2
"2026-04-15","Firefox","117.0",1,1,0,1,1
"2026-04-16","Chrome","133.0",2,2,0,2,2
"2026-04-16","Chrome","103.0",1,1,0,1,1
"2026-04-16","Chrome","109.0",1,1,0,1,1
"2026-04-16","Safari","26.3",2,2,0,2,2
"2026-04-16","Chrome","146.0",1,1,12,0,2
"2026-04-16","Chrome","112.0",1,1,0,1,1
"2026-04-16","Chrome","116.0",2,2,0,2,2
"2026-04-16","Chrome","142.0",4,4,16,3,6
"2026-04-16","Mobile App","",1,1,0,1,1
"2026-04-16","Chrome","140.0",1,1,0,1,1
"2026-04-16","Chrome","144.0",1,1,0,1,1
"2026-04-16","Chrome","104.0",1,1,0,1,1
"2026-04-16","Safari","26.0",1,1,0,1,1
"2026-04-16","Chrome","138.0",1,1,0,1,1
"2026-04-16","Brave","",2,2,0,2,2
"2026-04-16","Firefox","115.0",1,1,0,1,1
"2026-04-16","Chrome","91.0",1,1,0,1,1
"2026-04-16","Chrome","145.0",3,3,0,3,3
"2026-04-16","Android Browser","",3,3,0,3,3
"2026-04-16","","",2,2,0,2,2
"2026-04-17","Mobile App","",3,3,0,3,3
"2026-04-17","Firefox","142.0",1,1,0,1,1
"2026-04-17","Chrome","142.0",1,1,0,1,1
"2026-04-17","Chrome","146.0",3,3,2623,2,5
"2026-04-17","vivo Browser","28.8",1,1,0,1,1
"2026-04-17","Chrome","112.0",1,1,0,1,1
"2026-04-17","Chrome","133.0",3,3,0,3,3
"2026-04-17","Chrome","139.0",2,2,0,2,2
"2026-04-17","Microsoft Edge","114.0",1,1,0,1,1
"2026-04-17","","",1,1,0,1,1
"2026-04-17","Samsung Browser","29.0",1,1,0,1,1
"2026-04-17","Safari","26.3",2,3,0,3,3
"2026-04-17","Chrome","145.0",2,2,0,2,2
"2026-04-17","Chrome","91.0",1,1,0,1,1
"2026-04-17","Chrome","147.0",2,2,0,2,2
"2026-04-17","Microsoft Edge","147.0",1,1,0,1,1
"2026-04-17","Safari","26.2",1,1,0,1,1
"2026-04-17","Chrome","138.0",1,1,0,1,1
"2026-04-17","Safari","26.4",1,1,0,1,1
"2026-04-18","Chrome","142.0",3,3,0,3,3
"2026-04-18","Mobile App","",5,5,0,5,5
"2026-04-18","Chrome","146.0",4,4,0,4,4
"2026-04-18","Chrome","110.0",1,1,0,1,1
"2026-04-18","Microsoft Edge","146.0",1,1,0,1,1
"2026-04-18","Chrome","133.0",1,1,0,1,1
"2026-04-18","Safari","26.3",1,1,0,1,1
"2026-04-18","Chrome","105.0",2,2,0,2,2
"2026-04-18","Chrome","131.0",1,1,0,1,1
"2026-04-18","","",2,2,0,2,2
"2026-04-18","Android Browser","",1,1,0,1,1
"2026-04-18","Chrome","147.0",5,5,2675,3,11
"2026-04-18","Safari","26.4",1,1,0,1,1
"2026-04-18","Chrome","106.0",2,2,0,2,2
"2026-04-19","Chrome","146.0",6,7,45,4,12
"2026-04-19","Mobile App","",5,5,0,5,5
"2026-04-19","Chrome","142.0",5,5,1,3,8
"2026-04-19","Chrome","124.0",1,1,0,1,1
"2026-04-19","Chrome","131.0",1,1,0,1,1
"2026-04-19","Safari","18.5",2,2,0,2,2
"2026-04-19","Safari","18.7",1,1,0,1,1
"2026-04-19","Chrome","147.0",3,3,0,3,3
"2026-04-19","Microsoft Edge","146.0",1,1,0,1,1
"2026-04-19","Safari","26.4",4,4,0,4,4
"2026-04-19","Chrome","138.0",2,2,0,2,2
"2026-04-20","Chrome","146.0",1,1,0,1,1
"2026-04-20","Chrome","116.0",1,1,0,1,1
"2026-04-20","Chrome","142.0",5,5,0,5,5
"2026-04-20","Mobile App","",4,4,0,4,4
"2026-04-20","","",1,2,0,2,2
"2026-04-20","Chrome","133.0",1,1,0,1,1
"2026-04-20","Microsoft Edge","147.0",4,5,465,4,6
"2026-04-20","Chrome","103.0",1,1,0,1,1
"2026-04-20","Chrome","131.0",2,2,0,2,2
"2026-04-20","Safari","26.3",1,1,0,1,1
"2026-04-20","Chrome","105.0",1,1,0,1,1
"2026-04-20","Chrome","147.0",3,3,0,3,3
"2026-04-20","Chrome","117.0",1,1,0,1,1
"2026-04-20","Chrome","104.0",1,1,0,1,1
"2026-04-20","Safari","18.6",1,1,0,1,1
"2026-04-21","Chrome","124.0",1,1,0,1,1
"2026-04-21","Firefox","140.0",1,2,0,2,2
"2026-04-21","Chrome","110.0",1,1,0,1,1
"2026-04-21","Firefox","149.3",1,1,0,1,1
"2026-04-21","Microsoft Edge","147.0",1,1,0,1,1
"2026-04-21","Mobile App","",4,4,0,4,4
"2026-04-21","Chrome","142.0",4,4,0,4,4
"2026-04-21","Firefox","142.0",1,1,0,1,1
"2026-04-21","Chrome","131.0",1,1,0,1,1
"2026-04-21","Safari","18.5",1,1,0,1,1
"2026-04-21","Chrome","105.0",1,1,0,1,1
"2026-04-21","Safari","26.3",1,1,0,1,1
"2026-04-21","Chrome","133.0",1,1,0,1,1
"2026-04-21","Chrome","139.0",1,1,0,1,1
"2026-04-21","Chrome","103.0",1,1,0,1,1
"2026-04-21","Chrome","147.0",1,1,17,0,2
"2026-04-21","Chrome","117.0",1,1,0,1,1
"2026-04-21","Microsoft Edge","146.0",1,1,0,1,1
"2026-04-21","Chrome","111.0",1,1,0,1,1
"2026-04-21","Safari","26.4",2,2,0,2,2
"2026-04-21","Chrome","106.0",2,2,0,2,2
"2026-04-21","Safari","18.6",1,2,0,2,2
"2026-04-21","Chrome","138.0",1,1,0,1,1
"2026-04-21","Chrome","134.0",1,1,0,1,1
"2026-04-22","Firefox","140.0",1,1,0,1,1
"2026-04-22","Chrome","112.0",1,1,0,1,1
"2026-04-22","Opera","130.0",1,1,0,1,1
"2026-04-22","Chrome","146.0",1,1,0,1,1
"2026-04-22","Chrome","142.0",7,7,0,7,7
"2026-04-22","Mobile App","",2,3,0,3,3
"2026-04-22","Chrome","148.0",1,1,0,1,1
"2026-04-22","Chrome","116.0",2,2,0,2,2
"2026-04-22","Safari","26.3",2,2,0,2,2
"2026-04-22","Safari","18.5",1,1,842,0,2
"2026-04-22","Chrome","105.0",2,2,0,2,2
"2026-04-22","Microsoft Edge","147.0",1,1,0,1,1
"2026-04-22","Chrome","139.0",1,1,0,1,1
"2026-04-22","Chrome","133.0",1,1,0,1,1
"2026-04-22","Chrome","117.0",2,2,0,2,2
"2026-04-22","Firefox","149.0",1,1,0,1,1
"2026-04-22","Chrome","138.0",1,1,0,1,1
"2026-04-23","Chrome","120.0",1,1,0,1,1
"2026-04-23","Chrome","124.0",1,1,0,1,1
"2026-04-23","Mobile App","",2,2,0,2,2
"2026-04-23","Chrome","142.0",3,3,0,3,3
"2026-04-23","Chrome","146.0",1,1,0,1,1
"2026-04-23","Safari","26.3",2,2,434,1,3
"2026-04-23","Safari","18.3",1,1,0,1,1
"2026-04-23","Microsoft Edge","128.0",1,1,0,1,1
"2026-04-23","Chrome","117.0",1,1,0,1,1
"2026-04-23","Chrome","147.0",5,5,5,4,7
"2026-04-23","Ecosia","11.7",1,1,0,1,1
"2026-04-23","Safari","26.2",4,5,1064,3,7
"2026-04-23","Chrome","138.0",1,1,0,1,1
"2026-04-23","Firefox","150.0",1,1,0,1,1
"2026-04-23","Chrome","104.0",1,1,0,1,1
"2026-04-23","Microsoft Edge","147.0",5,5,345,4,7
"2026-04-24","Microsoft Edge","146.0",1,1,0,1,1
"2026-04-24","Chrome","120.0",2,2,0,2,2
"2026-04-24","Chrome","124.0",1,1,0,1,1
"2026-04-24","Chrome","116.0",2,2,0,2,2
"2026-04-24","Chrome","142.0",3,3,0,3,3
"2026-04-24","Mobile App","",6,7,238,5,15
"2026-04-24","","",1,1,0,1,1
"2026-04-24","Chrome","135.0",1,1,0,1,1
"2026-04-24","Safari","18.7",1,1,0,1,1
"2026-04-24","Safari","26.3",3,3,140,2,4
"2026-04-24","Microsoft Edge","109.0",1,1,0,1,1
"2026-04-24","Chrome","131.0",2,2,0,2,2
"2026-04-24","Chrome","127.0",1,1,0,1,1
"2026-04-24","Chrome","147.0",1,1,0,1,1
"2026-04-24","Microsoft Edge","147.0",2,3,0,3,3
"2026-04-24","Safari","18.6",1,1,0,1,1
"2026-04-24","Chrome","108.0",1,1,0,1,1
"2026-04-24","Mobile App","147.0",1,1,0,1,1
"2026-04-24","Safari","26.4",1,1,0,1,1
