"date","exit_page","visitors","visit_duration","exits","bounces","pageviews"
"2025-12-10","/blog/",1,0,1,1,1
"2025-12-21","/",2,518,2,0,8
"2025-12-22","/blog/",1,3,1,0,6
"2025-12-22","/",1,675,1,0,3
"2025-12-23","/",1,0,1,1,1
"2025-12-24","/",2,214,2,0,30
"2025-12-25","/",3,148,3,2,5
"2025-12-26","/contact/",2,4,3,1,7
"2025-12-26","/",4,6615,4,0,54
"2025-12-27","/",7,6179,8,2,53
"2025-12-27","/destinations/sichuan/chengdu-day-trips-leshan-emei/",2,168,3,0,10
"2025-12-28","/",1,205,2,0,13
"2025-12-29","/",4,78,4,1,9
"2025-12-30","/",7,147,9,2,34
"2025-12-30","/destinations/sichuan/",1,277,1,0,14
"2025-12-31","/ressources/transport/china-high-speed-train-guide-booking-tips/",1,0,1,1,1
"2026-01-02","/",4,0,4,1,7
"2026-01-06","/",1,34,1,0,4
"2026-01-07","/",5,0,5,3,7
"2026-01-08","/",2,0,2,1,3
"2026-01-10","/destinations/chengdu/",1,128,1,0,7
"2026-01-10","/",3,0,3,1,5
"2026-01-12","/",3,0,3,1,5
"2026-01-13","/",2,0,2,1,3
"2026-01-17","/",1,0,1,0,2
"2026-01-21","/",2,0,2,1,3
"2026-01-21","/ressources/",1,0,1,1,1
"2026-01-22","/destinations/xian/xian-3-day-itinerary-travel-tips/",1,0,1,0,2
"2026-01-22","/ressources/transport/china-high-speed-train-guide-booking-tips/",1,0,1,1,1
"2026-01-22","/blog/",1,7,1,0,4
"2026-01-24","/",1,0,1,1,1
"2026-01-25","/",3,2,3,0,6
"2026-01-27","/blog/",1,5,1,0,4
"2026-01-27","/destinations/sichuan/chengdu-day-trips-leshan-emei/",1,0,1,0,2
"2026-01-27","/",3,1,3,1,5
"2026-01-28","/",1,0,1,1,1
"2026-01-29","/",1,0,1,0,2
"2026-01-29","/ressources/transport/china-high-speed-train-guide-booking-tips/",1,0,1,0,2
"2026-01-30","/ressources/budget-logistics/china-travel-tips-family-budget-cost/",1,0,1,1,1
"2026-02-01","/ressources/budget-logistics/china-travel-tips-family-budget-cost/",1,0,1,1,1
"2026-02-01","/destinations/gansu/china-travel-tips-qinghai-gansu-loop/",1,0,1,1,1
"2026-02-02","/",1,1,1,0,2
"2026-02-03","/",1,0,1,1,1
"2026-02-03","/destinations/hangzhou/hangzhou-west-lake-china-travel-guide/",1,0,1,0,2
"2026-02-03","/ressources/transport/china-high-speed-train-guide-booking-tips/",1,0,1,1,1
"2026-02-04","/destinations/harbin/harbin-ice-festival-2025-travel-guide/",1,0,1,1,1
"2026-02-05","/destinations/shanghai/shanghai-metro-guide-travel-tips/",1,0,1,0,2
"2026-02-05","/ressources/budget-logistics/china-travel-tips-family-budget-cost/",3,0,3,2,4
"2026-02-05","/destinations/yunnan/yunnan-travel-guide-kunming-dali-lijiang/",1,0,1,1,1
"2026-02-05","/",2,0,2,0,4
"2026-02-05","/ressources/money-costs/china-travel-cost-guide-2026/",1,0,1,0,2
"2026-02-06","/destinations/gansu/china-travel-tips-qinghai-gansu-loop/",2,0,2,2,2
"2026-02-06","/destinations/guangxi/4-day-guilin-yangshuo-itinerary/",1,0,1,0,2
"2026-02-06","/destinations/shanghai/shanghai-metro-guide-travel-tips/",2,0,2,2,2
"2026-02-06","/",1,0,1,0,2
"2026-02-06","/ressources/money-costs/china-travel-cost-guide-2026/",3,0,3,3,3
"2026-02-07","/ressources/money-costs/china-travel-cost-guide-2026/",3,0,3,3,3
"2026-02-07","/interests/water-towns/wuzhen-vs-tongli-suzhou-water-towns-guide/",2,0,2,2,2
"2026-02-08","/ressources/transport/china-high-speed-train-guide-booking-tips/",1,4,1,0,2
"2026-02-08","/destinations/chengdu/chengdu-panda-base-guide-china-travel-tips/",1,0,1,1,1
"2026-02-09","/ressources/money-costs/china-travel-cost-guide-2026/",1,0,1,1,1
"2026-02-09","/ressources/budget-logistics/china-travel-tips-family-budget-cost/",1,0,1,1,1
"2026-02-10","/",1,0,1,1,1
"2026-02-10","/destinations/hangzhou/hangzhou-west-lake-china-travel-guide/",1,0,1,1,1
"2026-02-10","/ressources/money-costs/china-travel-cost-guide-2026/",2,0,2,2,2
"2026-02-10","/ressources/budget-logistics/china-travel-tips-family-budget-cost/",1,0,1,1,1
"2026-02-11","/ressources/transport/harbin-to-china-snow-town-guide/",1,0,1,1,1
"2026-02-11","/ressources/money-costs/china-travel-cost-guide-2026/",1,0,1,1,1
"2026-02-12","/ressources/money-costs/china-travel-cost-guide-2026/",1,0,1,1,1
"2026-02-12","/ressources/transport/china-high-speed-train-guide-booking-tips/",1,12,1,0,1
"2026-02-12","/",2,0,2,2,2
"2026-02-12","/destinations/yunnan/kunming/kunming-travel-guide-china-itinerary/",1,0,1,1,1
"2026-02-12","/interests/food-drink/xian-muslim-quarter-food-guide/",1,0,1,1,1
"2026-02-13","/destinations/chengdu/chengdu-panda-base-guide-china-travel-tips/",1,0,1,1,1
"2026-02-13","/ressources/transport/china-high-speed-train-guide-booking-tips/",1,105,1,0,1
"2026-02-13","/ressources/money-costs/china-travel-cost-guide-2026/",1,0,1,1,1
"2026-02-13","/ressources/transport/harbin-to-china-snow-town-guide/",1,0,1,1,1
"2026-02-13","/interests/water-towns/wuzhen-vs-tongli-suzhou-water-towns-guide/",1,0,1,1,1
"2026-02-13","/ressources/safety/first-time-travel-china-solo-female/",1,0,1,1,1
"2026-02-14","/destinations/jingdezhen/jingdezhen-travel-guide-china/",1,0,1,1,1
"2026-02-14","/ressources/safety/first-time-travel-china-solo-female/",1,0,1,1,1
"2026-02-15","/ressources/transport/harbin-to-china-snow-town-guide/",1,0,1,1,1
"2026-02-15","/destinations/chengdu/sanxingdui-museum-guide-chengdu/",1,0,1,1,1
"2026-02-15","/destinations/macau/macau-travel-guide-2026/",1,0,1,1,1
"2026-02-16","/ressources/money-costs/china-travel-cost-guide-2026/",2,0,2,2,2
"2026-02-17","/interests/water-towns/wuzhen-vs-tongli-suzhou-water-towns-guide/",1,0,1,1,1
"2026-02-17","/destinations/yunnan/china-travel-tips-yunnan-guide/",1,0,1,1,1
"2026-02-18","/ressources/safety/first-time-travel-china-solo-female/",2,0,2,2,2
"2026-02-18","/ressources/transport/harbin-to-china-snow-town-guide/",1,0,1,1,1
"2026-02-18","/ressources/transport/china-high-speed-train-guide-booking-tips/",2,41,2,1,2
"2026-02-18","/destinations/guangdong/guangzhou/",1,20,1,0,2
"2026-02-18","/",1,0,1,1,1
"2026-02-19","/interests/photography/china-photography-packing-list-travel-tips/",1,0,1,1,1
"2026-02-19","/destinations/chengdu/chengdu-panda-base-guide-china-travel-tips/",1,0,1,1,1
"2026-02-19","/",3,0,3,2,4
"2026-02-19","/ressources/budget-logistics/china-travel-tips-family-budget-cost/",2,0,2,2,2
"2026-02-19","/ressources/transport/china-high-speed-train-guide-booking-tips/",1,0,1,1,1
"2026-02-19","/destinations/yunnan/kunming/kunming-travel-guide-china-itinerary/",1,0,1,1,1
"2026-02-20","/tag/china-travel-2026/",1,0,1,1,1
"2026-02-20","/destinations/xian/xian-3-day-itinerary-travel-tips/",1,0,1,1,1
"2026-02-20","/destinations/gansu/china-travel-tips-qinghai-gansu-loop/",3,0,3,3,3
"2026-02-20","/destinations/jingdezhen/jingdezhen-travel-guide-china/",1,0,1,1,1
"2026-02-20","/ressources/visas-permits/china-travel-tips-144-hour-visa-free-guide/",1,0,1,1,1
"2026-02-20","/destinations/anhui/china-travel-tips-anhui-tea-trail/",1,0,1,1,1
"2026-02-20","/interests/water-towns/wuzhen-vs-tongli-suzhou-water-towns-guide/",3,0,3,3,3
"2026-02-20","/destinations/yunnan/yunnan-travel-guide-kunming-dali-lijiang/",1,0,1,1,1
"2026-02-20","/tag/shanghai-day-trips/",2,0,2,2,2
"2026-02-20","/destinations/beijing/beijing-antique-markets-guide/",2,0,2,2,2
"2026-02-20","/tag/13-year/",2,0,2,2,2
"2026-02-20","/tag/western-hills/",1,0,1,1,1
"2026-02-20","/tag/sanya/",2,0,2,2,2
"2026-02-20","/destinations/harbin/harbin-ice-festival-2025-travel-guide/",1,0,1,1,1
"2026-02-20","/tag/beijing-transport/",1,0,1,1,1
"2026-02-20","/destinations/sichuan/chengdu-day-trips-leshan-emei/",1,0,1,1,1
"2026-02-20","/",2,0,2,2,2
"2026-02-20","/interests/food-drink/changsha-food-guide-china-travel-tips/",1,6,1,0,2
"2026-02-20","/tag/tongli/",1,0,1,1,1
"2026-02-21","/interests/photography/china-photography-packing-list-travel-tips/",1,0,1,1,1
"2026-02-21","/",1,0,1,0,2
"2026-02-21","/destinations/tibet/7-day-tibet-itinerary-lhasa-everest/",1,0,1,1,1
"2026-02-21","/interests/water-towns/wuzhen-vs-tongli-suzhou-water-towns-guide/",1,1201,1,0,2
"2026-02-21","/ressources/transport/china-high-speed-train-guide-booking-tips/",1,0,1,1,1
"2026-02-22","/",2,0,2,2,2
"2026-02-22","/destinations/chengdu/chengdu-metro-guide-tourist-tips/",1,0,1,1,1
"2026-02-23","/destinations/xian/xian-3-day-itinerary-travel-tips/",1,44,1,0,4
"2026-02-23","/ressources/transport/china-high-speed-train-guide-booking-tips/",1,0,1,1,1
"2026-02-23","/destinations/jingdezhen/jingdezhen-travel-guide-china/",1,0,1,1,1
"2026-02-23","/ressources/safety/first-time-travel-china-solo-female/",1,0,1,1,1
"2026-02-24","/destinations/hainan/hainan-coastal-highway-road-trip-itinerary/",1,1,1,0,2
"2026-02-24","/interests/photography/china-photography-packing-list-travel-tips/",1,0,1,1,1
"2026-02-24","/destinations/xian/xian-3-day-itinerary-travel-tips/",1,13,1,0,3
"2026-02-25","/destinations/shanghai/shanghai-day-trips-high-speed-rail-guide/",1,2428,1,0,5
"2026-02-25","/ressources/transport/china-laos-railway-guide-kunming-to-luang-prabang/",1,105,1,0,2
"2026-02-25","/ressources/transport/harbin-to-china-snow-town-guide/",1,0,1,1,1
"2026-02-25","/destinations/jingdezhen/jingdezhen-travel-guide-china/",1,339,1,0,2
"2026-02-26","/interests/water-towns/wuzhen-vs-tongli-suzhou-water-towns-guide/",1,0,1,1,1
"2026-02-26","/ressources/budget-logistics/china-travel-tips-family-budget-cost/",2,0,2,2,2
"2026-02-26","/ressources/apps-tech/china-travel-apps-guide-2026/",1,9,1,0,3
"2026-02-26","/destinations/shanghai/",1,201,1,0,4
"2026-02-26","/destinations/jingdezhen/jingdezhen-travel-guide-china/",1,0,1,1,1
"2026-02-26","/interests/food-drink/xian-muslim-quarter-food-guide/",1,0,1,1,1
"2026-02-27","/interests/food-drink/pingyao-ancient-city-guide/",1,12,1,0,2
"2026-02-27","/destinations/hangzhou/hangzhou-west-lake-china-travel-guide/",1,0,1,1,1
"2026-02-27","/destinations/chengdu/sanxingdui-museum-guide-chengdu/",1,0,1,1,1
"2026-02-27","/ressources/transport/china-high-speed-train-guide-booking-tips/",1,0,1,1,1
"2026-02-27","/interests/water-towns/wuzhen-vs-tongli-suzhou-water-towns-guide/",1,0,1,1,1
"2026-02-28","/destinations/gansu/china-travel-tips-qinghai-gansu-loop/",5,0,5,5,5
"2026-02-28","/destinations/yunnan/first-time-travel-china-yunnan-loop/",1,338,1,0,4
"2026-02-28","/ressources/apps-tech/china-travel-apps-guide-2026/",1,1095,1,0,2
"2026-02-28","/",1,0,1,1,1
"2026-03-01","/ressources/budget-logistics/china-travel-tips-family-budget-cost/",2,0,2,2,2
"2026-03-01","/ressources/apps-tech/china-travel-apps-guide-2026/",3,0,3,3,3
"2026-03-01","/destinations/yunnan/kunming/kunming-travel-guide-china-itinerary/",1,0,1,1,1
"2026-03-01","/ressources/transport/harbin-to-china-snow-town-guide/",1,0,1,1,1
"2026-03-01","/ressources/money-costs/china-travel-cost-guide-2026/",1,0,1,1,1
"2026-03-02","/ressources/transport/china-laos-railway-guide-kunming-to-luang-prabang/",2,0,2,2,2
"2026-03-02","/destinations/beijing/beijing-hutong-food-guide/",1,0,1,1,1
"2026-03-02","/ressources/apps-tech/china-travel-apps-guide-2026/",3,0,3,3,3
"2026-03-02","/ressources/money-costs/china-travel-cost-guide-2026/",1,0,1,1,1
"2026-03-03","/destinations/hainan/hainan-travel-guide-yanoda-wuzhishan-hiking/",1,12,1,0,4
"2026-03-03","/destinations/chengdu/chengdu-metro-guide-tourist-tips/",1,0,1,1,1
"2026-03-04","/ressources/transport/china-laos-railway-guide-kunming-to-luang-prabang/",1,0,1,1,1
"2026-03-04","/destinations/chengdu/chengdu-panda-base-guide-china-travel-tips/",1,0,1,1,1
"2026-03-04","/",3,0,3,3,3
"2026-03-04","/ressources/money-costs/china-travel-cost-guide-2026/",1,0,1,1,1
"2026-03-04","/destinations/yunnan/yunnan-travel-guide-kunming-dali-lijiang/",1,0,1,1,1
"2026-03-04","/ressources/apps-tech/china-travel-apps-guide-2026/",1,0,1,1,1
"2026-03-05","/ressources/transport/china-high-speed-train-guide-booking-tips/",1,0,1,1,1
"2026-03-05","/destinations/hainan/hainan-travel-guide-yanoda-wuzhishan-hiking/",1,0,1,1,1
"2026-03-05","/ressources/transport/harbin-to-china-snow-town-guide/",1,0,1,1,1
"2026-03-05","/destinations/gansu/china-travel-tips-qinghai-gansu-loop/",1,0,1,1,1
"2026-03-05","/interests/photography/china-photography-packing-list-travel-tips/",1,0,1,1,1
"2026-03-05","/destinations/shenzhen/dapeng-peninsula-hiking-guide/",1,0,1,1,1
"2026-03-05","/",3,789,3,2,4
"2026-03-05","/destinations/anhui/china-travel-tips-anhui-tea-trail/",1,0,1,1,1
"2026-03-06","/ressources/budget-logistics/china-travel-tips-family-budget-cost/",1,0,1,1,1
"2026-03-06","/ressources/apps-tech/china-travel-apps-guide-2026/",1,0,1,1,1
"2026-03-06","/destinations/beijing/beijing-hutong-food-guide/",1,0,1,1,1
"2026-03-06","/interests/nature-hiking/chongqing-wulong-karst-day-trip/",2,0,2,2,2
"2026-03-06","/destinations/tibet/tibet-train-travel-guide/",1,0,1,1,1
"2026-03-06","/destinations/jingdezhen/jingdezhen-travel-guide-china/",1,0,1,1,1
"2026-03-07","/destinations/gansu/china-travel-tips-silk-road-gansu/",1,0,1,1,1
"2026-03-07","/ressources/transport/harbin-to-china-snow-town-guide/",1,0,1,1,1
"2026-03-07","/destinations/harbin/harbin-ice-festival-2025-travel-guide/",1,0,1,1,1
"2026-03-07","/interests/nature-hiking/chongqing-wulong-karst-day-trip/",1,0,1,1,1
"2026-03-07","/interests/water-towns/wuzhen-vs-tongli-suzhou-water-towns-guide/",1,0,1,1,1
"2026-03-08","/",1,0,1,1,1
"2026-03-08","/destinations/guangxi/yangshuo/",1,204,1,0,2
"2026-03-08","/ressources/budget-logistics/china-travel-tips-family-budget-cost/",2,0,2,2,2
"2026-03-08","/ressources/apps-tech/china-travel-apps-guide-2026/",2,0,3,3,3
"2026-03-08","/ressources/safety/first-time-travel-china-solo-female/",1,0,1,1,1
"2026-03-09","/destinations/guangxi/yangshuo/cycling-yulong-river-yangshuo-guide/",1,0,1,1,1
"2026-03-09","/ressources/transport/beijing-shanghai-high-speed-train-guide/",1,0,1,1,1
"2026-03-09","/interests/food-drink/xian-muslim-quarter-food-guide/",1,0,1,1,1
"2026-03-09","/ressources/apps-tech/china-travel-apps-guide-2026/",1,0,1,1,1
"2026-03-09","/",2,15,3,1,9
"2026-03-09","/ressources/money-costs/china-travel-cost-guide-2026/",1,0,1,1,1
"2026-03-09","/ressources/budget-logistics/china-travel-tips-family-budget-cost/",2,6,2,1,3
"2026-03-09","/interests/water-towns/wuzhen-vs-tongli-suzhou-water-towns-guide/",1,986,1,0,5
"2026-03-10","/interests/culture-history/nanxun-water-town-guide-china/",1,0,1,1,1
"2026-03-10","/ressources/transport/beijing-shanghai-high-speed-train-guide/",1,0,1,1,1
"2026-03-10","/destinations/shenzhen/dapeng-peninsula-hiking-guide/",1,0,1,1,1
"2026-03-10","/ressources/apps-tech/china-travel-apps-guide-2026/",1,0,1,1,1
"2026-03-10","/destinations/hangzhou/hangzhou-west-lake-china-travel-guide/",1,0,1,1,1
"2026-03-10","/interests/water-towns/wuzhen-vs-tongli-suzhou-water-towns-guide/",1,0,1,1,1
"2026-03-10","/ressources/budget-logistics/china-travel-tips-family-budget-cost/",17,691,17,15,20
"2026-03-11","/",2,0,2,2,2
"2026-03-11","/ressources/budget-logistics/china-travel-tips-family-budget-cost/",2,0,2,2,2
"2026-03-11","/destinations/guangxi/yangshuo/cycling-yulong-river-yangshuo-guide/",1,0,1,1,1
"2026-03-12","/destinations/guangxi/yangshuo/cycling-yulong-river-yangshuo-guide/",2,0,2,2,2
"2026-03-12","/destinations/shanghai/where-to-stay-shanghai-first-time-guide/",1,0,1,1,1
"2026-03-12","/destinations/chengdu/chengdu-metro-guide-tourist-tips/",1,0,1,1,1
"2026-03-12","/destinations/gansu/china-travel-tips-qinghai-gansu-loop/",1,0,1,1,1
"2026-03-13","/",3,0,3,3,3
"2026-03-13","/destinations/sichuan/china-travel-tips-western-sichuan-guide/",1,0,1,1,1
"2026-03-13","/ressources/apps-tech/china-travel-apps-guide-2026/",1,0,1,1,1
"2026-03-13","/destinations/beijing/beijing-hutong-food-guide/",1,0,1,1,1
"2026-03-13","/interests/water-towns/wuzhen-vs-tongli-suzhou-water-towns-guide/",1,54,1,0,2
"2026-03-13","/destinations/shanghai/where-to-stay-shanghai-first-time-guide/",1,0,1,1,1
"2026-03-13","/ressources/transport/china-laos-railway-guide-kunming-to-luang-prabang/",1,0,1,1,1
"2026-03-14","/destinations/beijing/beijing-capital-airport-express-guide/",2,0,2,2,2
"2026-03-14","/ressources/apps-tech/china-travel-apps-guide-2026/",2,0,2,2,2
"2026-03-14","/destinations/beijing/beijing-hutong-food-guide/",1,0,1,1,1
"2026-03-14","/ressources/money-costs/china-travel-cost-guide-2026/",1,0,1,1,1
"2026-03-14","/interests/water-towns/wuzhen-vs-tongli-suzhou-water-towns-guide/",2,0,2,2,2
"2026-03-14","/destinations/shanghai/where-to-stay-shanghai-first-time-guide/",3,0,3,3,3
"2026-03-14","/interests/nature-hiking/chongqing-wulong-karst-day-trip/",1,0,1,1,1
"2026-03-14","/destinations/guangxi/yangshuo/cycling-yulong-river-yangshuo-guide/",1,0,1,1,1
"2026-03-15","/destinations/guangxi/yangshuo/cycling-yulong-river-yangshuo-guide/",1,0,1,1,1
"2026-03-15","/destinations/gansu/china-travel-tips-silk-road-gansu/",1,0,1,1,1
"2026-03-15","/ressources/transport/china-laos-railway-guide-kunming-to-luang-prabang/",1,3,1,0,2
"2026-03-15","/destinations/beijing/beijing-capital-airport-express-guide/",1,0,1,1,1
"2026-03-15","/destinations/shanghai/where-to-stay-shanghai-first-time-guide/",3,0,3,3,3
"2026-03-15","/",1,0,1,1,1
"2026-03-15","/destinations/gansu/china-travel-tips-qinghai-gansu-loop/",1,0,1,1,1
"2026-03-16","/destinations/gansu/china-travel-tips-qinghai-gansu-loop/",1,0,1,1,1
"2026-03-16","/ressources/money-costs/china-travel-cost-guide-2026/",1,0,1,1,1
"2026-03-16","/interests/nature-hiking/chongqing-wulong-karst-day-trip/",1,0,1,1,1
"2026-03-16","/interests/water-towns/wuzhen-vs-tongli-suzhou-water-towns-guide/",1,0,1,1,1
"2026-03-16","/ressources/budget-logistics/china-travel-tips-family-budget-cost/",1,0,1,1,1
"2026-03-16","/destinations/shenzhen/dapeng-peninsula-hiking-guide/",1,0,1,1,1
"2026-03-16","/destinations/harbin/harbin-ice-festival-2025-travel-guide/",1,0,1,1,1
"2026-03-16","/ressources/safety/first-time-travel-china-solo-female/",2,0,2,2,2
"2026-03-17","/destinations/sichuan/china-travel-tips-western-sichuan-guide/",1,0,1,1,1
"2026-03-17","/destinations/shanghai/shanghai-metro-guide-travel-tips/",1,0,1,1,1
"2026-03-17","/destinations/",1,0,1,1,1
"2026-03-17","/",2,0,2,2,2
"2026-03-17","/ressources/apps-tech/china-travel-apps-guide-2026/",1,0,1,1,1
"2026-03-17","/destinations/beijing/beijing-hutong-food-guide/",1,0,1,1,1
"2026-03-17","/ressources/money-costs/china-travel-cost-guide-2026/",1,0,1,1,1
"2026-03-17","/destinations/hangzhou/hiking-meijiawu-tea-village-hangzhou/",1,0,1,1,1
"2026-03-18","/ressources/transport/china-laos-railway-guide-kunming-to-luang-prabang/",2,42,2,1,3
"2026-03-18","/destinations/tibet/7-day-tibet-itinerary-lhasa-everest/",1,0,1,1,1
"2026-03-18","/interests/nature-hiking/chongqing-wulong-karst-day-trip/",1,0,1,1,1
"2026-03-18","/interests/culture-history/nanxun-water-town-guide-china/",1,0,1,1,1
"2026-03-18","/destinations/hangzhou/hiking-meijiawu-tea-village-hangzhou/",1,0,1,1,1
"2026-03-18","/ressources/transport/harbin-to-china-snow-town-guide/",1,0,1,1,1
"2026-03-18","/interests/photography/dongchuan-red-land-travel-guide/",2,0,2,2,2
"2026-03-18","/ressources/safety/china-travel-tips-safety-apps/",1,0,1,1,1
"2026-03-18","/destinations/beijing/beijing-hutong-food-guide/",1,0,1,1,1
"2026-03-19","/interests/culture-history/nanxun-water-town-guide-china/",1,0,1,1,1
"2026-03-19","/destinations/chongqing/chongqing-metro-guide-travel-tips/",2,0,2,2,2
"2026-03-19","/ressources/transport/beijing-shanghai-high-speed-train-guide/",1,0,1,1,1
"2026-03-19","/ressources/money-costs/china-travel-cost-guide-2026/",1,0,1,1,1
"2026-03-19","/destinations/anhui/china-travel-tips-anhui-tea-trail/",1,0,1,1,1
"2026-03-19","/ressources/apps-tech/china-travel-apps-guide-2026/",1,0,1,1,1
"2026-03-19","/interests/nature-hiking/fanjingshan-travel-guide-guizhou/",1,0,1,1,1
"2026-03-19","/destinations/gansu/china-travel-tips-silk-road-gansu/",1,0,1,1,1
"2026-03-19","/destinations/shanghai/shanghai-day-trips-high-speed-rail-guide/",1,0,1,1,1
"2026-03-19","/destinations/hainan/hainan-travel-guide-yanoda-wuzhishan-hiking/",1,0,1,1,1
"2026-03-20","/ressources/transport/terracotta-warriors-diy-guide-tickets-scams/",1,0,1,1,1
"2026-03-20","/destinations/guangdong/guangzhou/guangzhou-food-guide-china-travel-tips/",1,0,1,1,1
"2026-03-20","/ressources/apps-tech/china-travel-tips-internet-sim-vpn/",1,0,1,1,1
"2026-03-20","/destinations/chengdu/sanxingdui-museum-guide-chengdu/",1,0,1,1,1
"2026-03-20","/destinations/hangzhou/hangzhou-west-lake-china-travel-guide/",1,0,1,1,1
"2026-03-20","/destinations/beijing/beijing-capital-airport-express-guide/",1,0,1,1,1
"2026-03-20","/destinations/jingdezhen/jingdezhen-travel-guide-china/",1,0,1,1,1
"2026-03-20","/interests/food-drink/quanzhou-travel-guide-china-tips/",1,0,1,1,1
"2026-03-20","/destinations/shanghai/where-to-stay-shanghai-first-time-guide/",2,0,2,2,2
"2026-03-20","/ressources/apps-tech/china-travel-apps-guide-2026/",1,0,1,1,1
"2026-03-21","/destinations/beijing/beijing-hutong-food-guide/",1,98,1,0,2
"2026-03-21","/destinations/chengdu/chengdu-panda-base-guide-china-travel-tips/",1,0,1,1,1
"2026-03-21","/ressources/apps-tech/",1,0,1,1,1
"2026-03-21","/destinations/chongqing/chongqing-travel-guide-first-time-china/",1,502,1,0,7
"2026-03-21","/ressources/transport/harbin-to-china-snow-town-guide/",2,0,2,2,2
"2026-03-21","/",1,0,1,1,1
"2026-03-21","/destinations/beijing/beijing-capital-airport-express-guide/",1,0,1,1,1
"2026-03-21","/interests/food-drink/quanzhou-travel-guide-china-tips/",1,0,1,1,1
"2026-03-21","/interests/nature-hiking/fanjingshan-travel-guide-guizhou/",1,0,1,1,1
"2026-03-21","/destinations/beijing/best-great-wall-sections-guide/",1,710,1,0,9
"2026-03-21","/destinations/chongqing/chongqing-metro-guide-travel-tips/",1,0,1,1,1
"2026-03-21","/ressources/budget-logistics/china-travel-tips-family-budget-cost/",1,0,1,1,1
"2026-03-21","/interests/food-drink/xian-muslim-quarter-food-guide/",2,0,2,2,2
"2026-03-22","/ressources/transport/xiamen-gulangyu-ferry-guide-foreigners/",1,0,1,1,1
"2026-03-22","/destinations/shanghai/where-to-stay-shanghai-first-time-guide/",1,0,1,1,1
"2026-03-22","/ressources/apps-tech/china-travel-apps-guide-2026/",4,0,4,4,4
"2026-03-22","/interests/food-drink/xian-night-market-guide-china/",3,0,3,3,3
"2026-03-22","/destinations/hangzhou/hiking-meijiawu-tea-village-hangzhou/",1,0,1,1,1
"2026-03-22","/destinations/beijing/great-wall-china-hiking-guide/",1,0,1,1,1
"2026-03-22","/destinations/guangxi/yangshuo/cycling-yulong-river-yangshuo-guide/",1,0,1,1,1
"2026-03-22","/destinations/hainan/hainan-travel-guide-yanoda-wuzhishan-hiking/",2,0,2,2,2
"2026-03-22","/interests/culture-history/nanxun-water-town-guide-china/",1,0,1,1,1
"2026-03-22","/destinations/jingdezhen/jingdezhen-travel-guide-china/",1,0,1,1,1
"2026-03-22","/interests/nature-hiking/fanjingshan-travel-guide-guizhou/",1,0,1,1,1
"2026-03-22","/interests/water-towns/wuzhen-vs-tongli-suzhou-water-towns-guide/",5,0,6,6,6
"2026-03-22","/ressources/budget-logistics/china-travel-tips-family-budget-cost/",1,0,1,1,1
"2026-03-22","/interests/food-drink/pingyao-ancient-city-guide/",1,0,1,1,1
"2026-03-23","/interests/water-towns/wuzhen-vs-tongli-suzhou-water-towns-guide/",1,0,1,1,1
"2026-03-23","/ressources/safety/first-time-travel-china-solo-female/",1,0,1,1,1
"2026-03-23","/destinations/shanghai/shanghai-museum-visitor-guide/",1,0,1,1,1
"2026-03-23","/destinations/hangzhou/hiking-meijiawu-tea-village-hangzhou/",3,185,3,2,5
"2026-03-23","/ressources/transport/harbin-to-china-snow-town-guide/",2,0,2,2,2
"2026-03-23","/ressources/budget-logistics/china-trip-cost-budget-2025/",1,0,1,1,1
"2026-03-23","/interests/food-drink/china-travel-tips-chinese-new-year-2026/",1,0,1,1,1
"2026-03-23","/interests/culture-history/songzanlin-monastery-guide-shangri-la/",2,0,2,2,2
"2026-03-23","/destinations/chongqing/chongqing-metro-guide-travel-tips/",1,0,1,1,1
"2026-03-23","/destinations/guangxi/yangshuo/cycling-yulong-river-yangshuo-guide/",1,0,1,1,1
"2026-03-23","/",2,0,2,2,2
"2026-03-23","/ressources/best-time-to-visit/china-travel-tips-festivals-guide/",1,0,1,1,1
"2026-03-23","/destinations/guizhou/china-travel-tips-guizhou-guide/",1,0,1,1,1
"2026-03-23","/interests/nature-hiking/fanjingshan-travel-guide-guizhou/",1,0,1,1,1
"2026-03-23","/tag/pek/",1,0,1,1,1
"2026-03-23","/destinations/beijing/beijing-hutong-food-guide/",1,0,1,1,1
"2026-03-23","/tag/gansu/",1,0,1,1,1
"2026-03-24","/tag/144-hour-visa-free-transit/",1,0,1,1,1
"2026-03-24","/destinations/shanghai/where-to-stay-shanghai-first-time-guide/",1,0,1,1,1
"2026-03-24","/ressources/money-costs/china-travel-cost-guide-2026/",2,0,2,2,2
"2026-03-24","/ressources/visas-permits/",1,0,1,1,1
"2026-03-24","/ressources/",1,0,1,1,1
"2026-03-24","/destinations/hong-kong/",1,0,1,1,1
"2026-03-24","/tag/meijiawu-tea-village/",1,0,1,1,1
"2026-03-24","/interests/",1,0,1,1,1
"2026-03-24","/tag/zhajiangmian/",1,0,1,1,1
"2026-03-24","/destinations/guangxi/yangshuo/cycling-yulong-river-yangshuo-guide/",6,0,7,7,7
"2026-03-24","/destinations/beijing/beijing-hutong-food-guide/",2,0,2,2,2
"2026-03-24","/tag/beijing-travel/",1,0,1,1,1
"2026-03-24","/destinations/",1,0,1,1,1
"2026-03-24","/destinations/tibet/",1,0,1,1,1
"2026-03-24","/destinations/shanghai/shanghai-french-concession-walking-guide/",1,0,1,1,1
"2026-03-24","/",1,0,1,1,1
"2026-03-24","/destinations/hainan/hainan-travel-guide-yanoda-wuzhishan-hiking/",1,0,1,1,1
"2026-03-24","/tag/wechat-pay/",1,0,1,1,1
"2026-03-24","/destinations/yunnan/yunnan-mushroom-hotpot-guide-china/",2,0,2,2,2
"2026-03-24","/interests/culture-history/suzhou-gardens-guide-china-travel-tips/",1,0,1,1,1
"2026-03-24","/ressources/transport/terracotta-warriors-diy-guide-tickets-scams/",1,0,1,1,1
"2026-03-24","/destinations/sichuan/",1,0,1,1,1
"2026-03-25","/destinations/yunnan/yunnan-travel-guide-kunming-dali-lijiang/",1,0,1,1,1
"2026-03-25","/tag/alipay/",1,0,1,1,1
"2026-03-25","/tag/great-firewall/",1,0,1,1,1
"2026-03-25","/interests/food-drink/quanzhou-travel-guide-china-tips/",1,39,1,0,2
"2026-03-25","/interests/nature-hiking/fanjingshan-travel-guide-guizhou/",1,0,1,1,1
"2026-03-25","/tag/wechat/",1,0,1,1,1
"2026-03-25","/interests/culture-history/",1,0,1,1,1
"2026-03-25","/ressources/apps-tech/",1,0,1,1,1
"2026-03-25","/tag/hutong-street-food/",1,0,1,1,1
"2026-03-25","/tag/didi-chuxing/",1,0,1,1,1
"2026-03-25","/destinations/beijing/",1,0,1,1,1
"2026-03-25","/destinations/shenzhen/dapeng-peninsula-hiking-guide/",1,0,1,1,1
"2026-03-25","/ressources/best-time-to-visit/",1,0,1,1,1
"2026-03-25","/tag/china-travel-tips/",1,0,1,1,1
"2026-03-25","/destinations/sichuan/chengdu-day-trips-leshan-emei/",1,0,1,1,1
"2026-03-25","/tag/longjing-tea/",1,0,1,1,1
"2026-03-25","/destinations/guangxi/yangshuo/cycling-yulong-river-yangshuo-guide/",1,0,1,1,1
"2026-03-25","/destinations/xian/",1,0,1,1,1
"2026-03-25","/tag/tibet-travel-permit/",1,0,1,1,1
"2026-03-25","/tag/altitude-sickness/",1,0,1,1,1
"2026-03-25","/destinations/beijing/beijing-hutong-food-guide/",3,346,4,3,5
"2026-03-25","/tag/alipay-guide/",1,0,1,1,1
"2026-03-25","/destinations/shanghai/",1,0,1,1,1
"2026-03-25","/tag/apple-maps-china/",1,0,1,1,1
"2026-03-25","/destinations/chengdu/chengdu-metro-guide-tourist-tips/",1,0,1,1,1
"2026-03-25","/tag/west-lake/",1,0,1,1,1
"2026-03-25","/destinations/hangzhou/hiking-meijiawu-tea-village-hangzhou/",1,0,1,1,1
"2026-03-25","/privacy-policy/",1,0,1,1,1
"2026-03-25","/tag/hangzhou/",1,0,1,1,1
"2026-03-25","/interests/nature-hiking/hua-shan-hiking-guide-china/",1,0,1,1,1
"2026-03-25","/destinations/xinjiang/",1,0,1,1,1
"2026-03-25","/ressources/safety/first-time-travel-china-solo-female/",1,0,1,1,1
"2026-03-25","/destinations/chongqing/",1,0,1,1,1
"2026-03-25","/tag/china-travel-2025/",1,0,1,1,1
"2026-03-26","/destinations/chengdu/chengdu-panda-volunteer-guide/",1,0,1,1,1
"2026-03-26","/tag/everest-base-camp/",1,0,1,1,1
"2026-03-26","/tag/jiangxi-travel/",1,0,1,1,1
"2026-03-26","/interests/culture-history/suzhou-gardens-guide-china-travel-tips/",2,0,2,2,2
"2026-03-26","/tag/taoxichuan-art-avenue/",1,0,1,1,1
"2026-03-26","/contact/",1,0,1,1,1
"2026-03-26","/blog/",1,0,1,1,1
"2026-03-26","/destinations/chongqing/chongqing-metro-guide-travel-tips/",1,0,1,1,1
"2026-03-26","/destinations/hainan/",1,0,1,1,1
"2026-03-26","/tag/potala-palace/",1,0,1,1,1
"2026-03-26","/destinations/tibet/7-day-tibet-itinerary-lhasa-everest/",1,0,1,1,1
"2026-03-26","/tag/trip-com/",1,0,1,1,1
"2026-03-26","/destinations/shenzhen/",1,0,1,1,1
"2026-03-26","/tag/sanya/",1,0,1,1,1
"2026-03-26","/destinations/gansu/china-travel-tips-qinghai-gansu-loop/",2,0,2,2,2
"2026-03-26","/tag/tibet-travel/",1,0,1,1,1
"2026-03-26","/tag/hiking-china/",1,0,1,1,1
"2026-03-26","/",1,0,1,1,1
"2026-03-26","/destinations/yunnan/",1,0,1,1,1
"2026-03-26","/tag/shigatse/",1,0,1,1,1
"2026-03-26","/tag/jingdezhen/",1,0,1,1,1
"2026-03-26","/ressources/transport/xiamen-gulangyu-ferry-guide-foreigners/",1,0,1,1,1
"2026-03-26","/tag/pingyao-ancient-city/",1,0,1,1,1
"2026-03-26","/destinations/yunnan/yunnan-mushroom-hotpot-guide-china/",1,0,1,1,1
"2026-03-26","/ressources/budget-logistics/",1,0,1,1,1
"2026-03-26","/tag/lhasa/",1,0,1,1,1
"2026-03-26","/ressources/transport/beijing-shanghai-high-speed-train-guide/",1,0,1,1,1
"2026-03-26","/tag/sanbao-international-ceramic-valley/",1,0,1,1,1
"2026-03-26","/tag/courtyard-hotels/",1,0,1,1,1
"2026-03-26","/tag/china-esim/",1,0,1,1,1
"2026-03-26","/ressources/transport/harbin-to-china-snow-town-guide/",1,0,1,1,1
"2026-03-26","/tag/china-travel-2026/",1,0,1,1,1
"2026-03-26","/tag/china-high-speed-train/",1,0,1,1,1
"2026-03-26","/ressources/accommodation/unique-stays-china-boutique-hotels-guide/",1,0,1,1,1
"2026-03-26","/destinations/guangxi/yangshuo/cycling-yulong-river-yangshuo-guide/",2,0,2,2,2
"2026-03-26","/destinations/chengdu/",1,0,1,1,1
"2026-03-26","/destinations/shanghai/where-to-stay-shanghai-first-time-guide/",1,0,1,1,1
"2026-03-26","/ressources/transport/",1,0,1,1,1
"2026-03-26","/tag/yanoda-rainforest/",1,0,1,1,1
"2026-03-26","/tag/imperial-kiln-museum/",1,0,1,1,1
"2026-03-26","/ressources/apps-tech/china-travel-tips-ordering-coffee/",1,0,1,1,1
"2026-03-26","/tag/local-eats/",1,0,1,1,1
"2026-03-27","/tag/pingyao-food/",1,0,1,1,1
"2026-03-27","/destinations/chongqing/chongqing-metro-guide-travel-tips/",1,0,1,1,1
"2026-03-27","/tag/family-travel-budget/",1,0,1,1,1
"2026-03-27","/interests/nature-hiking/chongqing-wulong-karst-day-trip/",1,0,1,1,1
"2026-03-27","/tag/china-visa-free/",1,0,1,1,1
"2026-03-27","/tag/wuzhishan/",1,0,1,1,1
"2026-03-27","/tag/wang-family-compound/",1,0,1,1,1
"2026-03-27","/destinations/jingdezhen/jingdezhen-travel-guide-china/",2,0,2,2,2
"2026-03-27","/tag/beijing/",1,0,1,1,1
"2026-03-27","/tag/tropical-rainforest-national-park/",1,0,1,1,1
"2026-03-27","/",1,47,1,0,2
"2026-03-27","/tag/hainan/",1,0,1,1,1
"2026-03-27","/interests/food-drink/xian-muslim-quarter-food-guide/",1,0,1,1,1
"2026-03-27","/tag/leifeng-pagoda/",1,0,1,1,1
"2026-03-27","/ressources/transport/xiamen-gulangyu-ferry-guide-foreigners/",3,0,3,3,3
"2026-03-27","/ressources/transport/china-high-speed-train-guide-booking-tips/",2,0,2,2,2
"2026-03-27","/destinations/beijing/beijing-capital-airport-express-guide/",1,0,1,1,1
"2026-03-27","/tag/ceramic-art/",1,0,1,1,1
"2026-03-27","/tag/shanghai/",1,0,1,1,1
"2026-03-27","/destinations/jingdezhen/",1,0,1,1,1
"2026-03-27","/destinations/yunnan/yunnan-travel-guide-kunming-dali-lijiang/",1,0,1,1,1
"2026-03-27","/tag/high-speed-train/",1,0,1,1,1
"2026-03-27","/interests/food-drink/",1,0,1,1,1
"2026-03-27","/destinations/chengdu/chengdu-panda-volunteer-guide/",2,0,2,2,2
"2026-03-28","/destinations/shanghai/shanghai-french-concession-walking-guide/",1,0,1,1,1
"2026-03-28","/interests/water-towns/wuzhen-vs-tongli-suzhou-water-towns-guide/",1,0,1,1,1
"2026-03-28","/destinations/beijing/beijing-craft-beer-guide-hutongs/",1,0,1,1,1
"2026-03-28","/ressources/transport/china-laos-railway-guide-kunming-to-luang-prabang/",2,0,2,2,2
"2026-03-28","/tag/shanxi-province/",1,0,1,1,1
"2026-03-28","/ressources/transport/xiamen-gulangyu-ferry-guide-foreigners/",2,0,2,2,2
"2026-03-28","/ressources/transport/beijing-to-shanghai-train-vs-flight/",1,0,1,1,1
"2026-03-28","/tag/rishengchang-bank/",1,0,1,1,1
"2026-03-28","/tag/esim/",1,0,1,1,1
"2026-03-28","/tag/china-hiking/",1,0,1,1,1
"2026-03-28","/ressources/money-costs/china-travel-cost-guide-2026/",1,0,1,1,1
"2026-03-28","/destinations/beijing/beijing-hutong-food-guide/",1,0,1,1,1
"2026-03-28","/destinations/anhui/china-travel-tips-anhui-tea-trail/",1,0,1,1,1
"2026-03-28","/ressources/apps-tech/china-travel-apps-guide-2026/",1,0,1,1,1
"2026-03-28","/interests/food-drink/xian-night-market-guide-china/",1,98,1,0,2
"2026-03-28","/destinations/chongqing/chongqing-metro-guide-travel-tips/",4,0,5,5,5
"2026-03-28","/destinations/guangxi/yangshuo/cycling-yulong-river-yangshuo-guide/",1,232,1,0,2
"2026-03-28","/tag/fanjingshan/",1,0,1,1,1
"2026-03-29","/destinations/chengdu/china-travel-tips-chengdu-food-guide/",1,26,1,0,3
"2026-03-29","/ressources/transport/beijing-shanghai-high-speed-train-guide/",1,0,1,1,1
"2026-03-29","/destinations/beijing/beijing-hutong-food-guide/",1,0,1,1,1
"2026-03-29","/ressources/apps-tech/china-travel-apps-guide-2026/",1,0,1,1,1
"2026-03-29","/interests/food-drink/xian-night-market-guide-china/",1,0,1,1,1
"2026-03-29","/tag/jiangkou/",1,0,1,1,1
"2026-03-29","/ressources/money-costs/china-travel-cost-guide-2026/",2,904,2,1,6
"2026-03-29","/destinations/beijing/beijing-capital-airport-express-guide/",1,0,1,1,1
"2026-03-29","/destinations/chengdu/chengdu-metro-guide-tourist-tips/",1,0,1,1,1
"2026-03-29","/",2,0,2,2,2
"2026-03-29","/destinations/jingdezhen/jingdezhen-travel-guide-china/",2,0,2,2,2
"2026-03-29","/destinations/shanghai/shanghai-day-trips-high-speed-rail-guide/",1,0,1,1,1
"2026-03-29","/tag/zhaisha-dong-village/",1,0,1,1,1
"2026-03-29","/interests/nature-hiking/fanjingshan-travel-guide-guizhou/",1,9,1,0,2
"2026-03-29","/destinations/shanghai/shanghai-french-concession-walking-guide/",1,0,1,1,1
"2026-03-29","/destinations/sichuan/china-travel-tips-western-sichuan-guide/",1,0,1,1,1
"2026-03-29","/tag/plank-walk-in-the-sky/",1,0,1,1,1
"2026-03-30","/ressources/safety/first-time-travel-china-solo-female/",1,0,1,1,1
"2026-03-30","/destinations/tibet/tibet-train-travel-guide/",1,0,1,1,1
"2026-03-30","/destinations/hangzhou/hiking-meijiawu-tea-village-hangzhou/",1,0,1,1,1
"2026-03-30","/tag/dujiangyan-panda-base/",1,0,1,1,1
"2026-03-30","/tag/suji-ancient-town/",1,0,1,1,1
"2026-03-30","/tag/sichuan-travel/",1,0,1,1,1
"2026-03-30","/destinations/beijing/beijing-capital-airport-express-guide/",3,0,3,3,3
"2026-03-30","/destinations/beijing/beijing-hutong-food-guide/",1,0,1,1,1
"2026-03-30","/ressources/transport/xiamen-gulangyu-ferry-guide-foreigners/",2,0,2,2,2
"2026-03-30","/ressources/apps-tech/china-travel-apps-guide-2026/",1,0,1,1,1
"2026-03-30","/destinations/chengdu/sanxingdui-museum-guide-chengdu/",2,0,2,2,2
"2026-03-30","/tag/mount-emei/",1,0,1,1,1
"2026-03-30","/tag/hua-shan/",1,0,1,1,1
"2026-03-30","/destinations/hainan/hainan-coastal-highway-road-trip-itinerary/",1,0,1,1,1
"2026-03-30","/tag/leshan-giant-buddha/",1,0,1,1,1
"2026-03-30","/ressources/money-costs/china-travel-cost-guide-2026/",1,0,1,1,1
"2026-03-30","/tag/chengdu/",1,0,1,1,1
"2026-03-30","/interests/food-drink/",1,52,1,0,3
"2026-03-30","/tag/shaanxi/",1,0,1,1,1
"2026-03-30","/tag/china-high-speed-rail/",1,0,1,1,1
"2026-03-30","/tag/high-speed-rail-china/",1,0,1,1,1
"2026-03-30","/",2,0,2,2,2
"2026-03-30","/interests/water-towns/wuzhen-vs-tongli-suzhou-water-towns-guide/",3,0,3,3,3
"2026-03-30","/ressources/budget-logistics/china-travel-tips-family-budget-cost/",1,0,1,1,1
"2026-03-30","/destinations/shanghai/shanghai-day-trips-high-speed-rail-guide/",2,0,2,2,2
"2026-03-30","/tag/red-clouds-golden-summit/",1,0,1,1,1
"2026-03-30","/tag/china-budget-travel/",1,0,1,1,1
"2026-03-30","/ressources/transport/china-laos-railway-guide-kunming-to-luang-prabang/",1,0,1,1,1
"2026-03-30","/interests/nature-hiking/fanjingshan-travel-guide-guizhou/",2,23,2,1,3
"2026-03-30","/destinations/yunnan/kunming/kunming-travel-guide-china-itinerary/",1,0,1,1,1
"2026-03-30","/destinations/jingdezhen/jingdezhen-travel-guide-china/",1,0,1,1,1
"2026-03-30","/destinations/xinjiang/china-travel-tips-xinjiang-road-trip-2026/",1,0,1,1,1
"2026-03-30","/tag/tongren/",1,0,1,1,1
"2026-03-31","/destinations/beijing/beijing-capital-airport-express-guide/",3,0,3,3,3
"2026-03-31","/ressources/transport/xiamen-gulangyu-ferry-guide-foreigners/",1,0,1,1,1
"2026-03-31","/tag/13-year/",1,0,1,1,1
"2026-03-31","/destinations/chengdu/sanxingdui-museum-guide-chengdu/",1,0,1,1,1
"2026-03-31","/destinations/hainan/hainan-travel-guide-yanoda-wuzhishan-hiking/",2,0,2,2,2
"2026-03-31","/ressources/apps-tech/china-travel-tips-hema-freshippo-guide-2026/",1,237,1,0,3
"2026-03-31","/tag/144-hour-visa-free-transit/",1,400,1,0,3
"2026-03-31","/",1,0,1,1,1
"2026-03-31","/tag/xian-travel/",1,0,1,1,1
"2026-03-31","/ressources/budget-logistics/china-travel-tips-family-budget-cost/",1,0,1,1,1
"2026-03-31","/tag/guizhou-travel/",1,0,1,1,1
"2026-03-31","/destinations/shanghai/where-to-stay-shanghai-first-time-guide/",3,0,3,3,3
"2026-03-31","/ressources/money-costs/china-travel-cost-guide-2026/",1,0,1,1,1
"2026-03-31","/destinations/xian/xian-3-day-itinerary-travel-tips/",2,0,2,2,2
"2026-03-31","/destinations/beijing/beijing-hutong-food-guide/",1,0,1,1,1
"2026-03-31","/destinations/zhangjiajie/zhangjiajie-travel-guide-first-time-china/",1,364,1,0,4
"2026-04-01","/tag/high-speed-rail/",1,0,1,1,1
"2026-04-01","/ressources/transport/china-laos-railway-guide-kunming-to-luang-prabang/",1,0,1,1,1
"2026-04-01","/interests/food-drink/xian-night-market-guide-china/",1,0,1,1,1
"2026-04-01","/ressources/transport/air-travel/china-travel-tips-airport-transfer-2026/",1,0,1,1,1
"2026-04-01","/ressources/apps-tech/china-travel-apps-guide-2026/",1,0,1,1,1
"2026-04-01","/destinations/guangxi/yangshuo/cycling-yulong-river-yangshuo-guide/",1,0,1,1,1
"2026-04-01","/interests/culture-history/songzanlin-monastery-guide-shangri-la/",1,0,1,1,1
"2026-04-01","/tag/maritime-silk-road/",1,0,1,1,1
"2026-04-01","/destinations/zhangjiajie/china-travel-tips-zhangjiajie-gates-2026/",1,0,1,1,1
"2026-04-01","/tag/gaotie/",1,0,1,1,1
"2026-04-01","/destinations/shanghai/shanghai-metro-guide-travel-tips/",1,0,1,1,1
"2026-04-01","/interests/nature-hiking/fanjingshan-travel-guide-guizhou/",1,1759,1,0,15
"2026-04-01","/tag/muslim-quarter/",1,0,1,1,1
"2026-04-01","/tag/great-leap-brewing/",1,0,1,1,1
"2026-04-01","/ressources/money-costs/china-travel-cost-guide-2026/",1,0,1,1,1
"2026-04-01","/destinations/chengdu/chengdu-metro-guide-tourist-tips/",1,0,1,1,1
"2026-04-01","/tag/public-transportation/",1,0,1,1,1
"2026-04-01","/ressources/transport/xiamen-gulangyu-ferry-guide-foreigners/",1,0,1,1,1
"2026-04-01","/tag/yongxing-fang/",1,0,1,1,1
"2026-04-01","/interests/water-towns/wuzhen-vs-tongli-suzhou-water-towns-guide/",1,0,1,1,1
"2026-04-01","/destinations/shanghai/shanghai-french-concession-walking-guide/",3,366,6,5,7
"2026-04-01","/tag/travel-apps/",1,0,1,1,1
"2026-04-01","/ressources/apps-tech/china-travel-tips-hema-freshippo-guide-2026/",1,0,1,1,1
"2026-04-02","/ressources/apps-tech/china-travel-tips-hema-freshippo-guide-2026/",1,0,1,1,1
"2026-04-02","/tag/apple-maps-china/",1,0,1,1,1
"2026-04-02","/tag/beijing-to-shanghai/",1,0,1,1,1
"2026-04-02","/tag/vientiane/",1,0,1,1,1
"2026-04-02","/destinations/shenzhen/dapeng-peninsula-hiking-guide/",1,0,2,2,2
"2026-04-02","/destinations/shanghai/shanghai-french-concession-walking-guide/",3,0,3,3,3
"2026-04-02","/tag/lcr-ticket-app/",1,0,1,1,1
"2026-04-02","/ressources/transport/terracotta-warriors-diy-guide-tickets-scams/",1,0,1,1,1
"2026-04-02","/destinations/guangxi/4-day-guilin-yangshuo-itinerary/",1,355,1,0,2
"2026-04-02","/tag/12306-app/",1,0,1,1,1
"2026-04-02","/interests/nature-hiking/fanjingshan-travel-guide-guizhou/",1,0,1,1,1
"2026-04-02","/tag/12306/",1,0,1,1,1
"2026-04-02","/destinations/beijing/beijing-capital-airport-express-guide/",1,0,1,1,1
"2026-04-02","/destinations/shanghai/where-to-stay-shanghai-first-time-guide/",1,0,1,1,1
"2026-04-02","/tag/d887-train/",1,0,1,1,1
"2026-04-02","/ressources/transport/beijing-shanghai-high-speed-train-guide/",1,0,1,1,1
"2026-04-02","/interests/food-drink/xian-night-market-guide-china/",1,0,1,1,1
"2026-04-02","/destinations/beijing/beijing-hutong-food-guide/",1,0,1,1,1
"2026-04-03","/ressources/transport/china-high-speed-train-guide-booking-tips/",1,0,1,1,1
"2026-04-03","/interests/nature-hiking/fanjingshan-travel-guide-guizhou/",1,0,1,1,1
"2026-04-03","/interests/food-drink/xian-muslim-quarter-food-guide/",1,0,1,1,1
"2026-04-03","/destinations/xinjiang/china-travel-tips-xinjiang-road-trip-2026/",2,0,2,2,2
"2026-04-03","/",5,29,5,4,7
"2026-04-03","/interests/food-drink/pingyao-ancient-city-guide/",1,0,1,1,1
"2026-04-03","/destinations/gansu/china-travel-tips-qinghai-gansu-loop/",3,0,3,3,3
"2026-04-03","/destinations/shenzhen/dapeng-peninsula-hiking-guide/",1,0,1,1,1
"2026-04-03","/interests/water-towns/wuzhen-vs-tongli-suzhou-water-towns-guide/",1,0,1,1,1
"2026-04-03","/tag/china-laos-railway/",1,0,1,1,1
"2026-04-03","/destinations/shanghai/where-to-stay-shanghai-first-time-guide/",2,0,2,2,2
"2026-04-03","/destinations/",1,2,1,0,3
"2026-04-03","/destinations/hangzhou/hiking-meijiawu-tea-village-hangzhou/",1,0,1,1,1
"2026-04-03","/ressources/transport/harbin-to-china-snow-town-guide/",1,0,1,1,1
"2026-04-03","/ressources/transport/xiamen-gulangyu-ferry-guide-foreigners/",2,0,2,2,2
"2026-04-03","/destinations/beijing/beijing-capital-airport-express-guide/",1,0,1,1,1
"2026-04-03","/ressources/transport/beijing-shanghai-high-speed-train-guide/",1,0,1,1,1
"2026-04-03","/interests/food-drink/xian-night-market-guide-china/",3,0,3,3,3
"2026-04-03","/ressources/apps-tech/china-travel-apps-guide-2026/",1,0,1,1,1
"2026-04-03","/destinations/guangxi/yangshuo/cycling-yulong-river-yangshuo-guide/",1,0,1,1,1
"2026-04-03","/tag/laos-visa/",1,0,1,1,1
"2026-04-03","/destinations/beijing/beijing-hutong-food-guide/",1,0,1,1,1
"2026-04-04","/interests/food-drink/xian-night-market-guide-china/",1,0,1,1,1
"2026-04-04","/interests/culture-history/songzanlin-monastery-guide-shangri-la/",1,0,1,1,1
"2026-04-04","/destinations/hong-kong/china-travel-tips-dragons-back-hong-kong-2026/",1,0,1,1,1
"2026-04-04","/tag/ancient-shu-kingdom/",1,0,1,1,1
"2026-04-04","/interests/nature-hiking/fanjingshan-travel-guide-guizhou/",1,0,1,1,1
"2026-04-04","/tag/chengdu-travel/",1,0,1,1,1
"2026-04-04","/tag/sanxingdui-museum/",1,0,1,1,1
"2026-04-04","/tag/144-hour-visa-free/",1,0,1,1,1
"2026-04-04","/tag/sichuan-province/",1,0,1,1,1
"2026-04-04","/destinations/zhangjiajie/china-travel-tips-zhangjiajie-gates-2026/",1,0,1,1,1
"2026-04-04","/ressources/transport/xiamen-gulangyu-ferry-guide-foreigners/",4,0,4,4,4
"2026-04-04","/destinations/beijing/beijing-capital-airport-express-guide/",1,0,1,1,1
"2026-04-04","/destinations/hangzhou/hangzhou-west-lake-china-travel-guide/",1,0,1,1,1
"2026-04-04","/ressources/apps-tech/china-travel-tips-hema-freshippo-guide-2026/",2,0,2,2,2
"2026-04-04","/destinations/yunnan/yunnan-mushroom-hotpot-guide-china/",1,0,1,1,1
"2026-04-04","/interests/food-drink/xian-muslim-quarter-food-guide/",1,0,1,1,1
"2026-04-04","/ressources/transport/harbin-to-china-snow-town-guide/",1,0,1,1,1
"2026-04-05","/tag/shaanxi-history-museum/",1,0,1,1,1
"2026-04-05","/destinations/yunnan/yunnan-mushroom-hotpot-guide-china/",1,0,1,1,1
"2026-04-05","/destinations/shanghai/shanghai-day-trips-high-speed-rail-guide/",1,0,1,1,1
"2026-04-05","/ressources/budget-logistics/china-travel-tips-family-budget-cost/",1,0,1,1,1
"2026-04-05","/destinations/chengdu/sanxingdui-museum-guide-chengdu/",1,0,1,1,1
"2026-04-05","/destinations/yunnan/yunnan-travel-guide-kunming-dali-lijiang/",1,0,1,1,1
"2026-04-05","/destinations/beijing/beijing-capital-airport-express-guide/",2,3524,2,1,4
"2026-04-05","/ressources/transport/xiamen-gulangyu-ferry-guide-foreigners/",2,0,2,2,2
"2026-04-05","/tag/wechat-booking/",1,0,1,1,1
"2026-04-05","/destinations/chengdu/chengdu-panda-volunteer-guide/",1,0,1,1,1
"2026-04-05","/destinations/shanghai/shanghai-museum-visitor-guide/",1,0,1,1,1
"2026-04-05","/ressources/apps-tech/china-travel-tips-hema-freshippo-guide-2026/",1,0,1,1,1
"2026-04-05","/interests/itineraries/",1,0,1,1,1
"2026-04-05","/tag/big-wild-goose-pagoda/",1,0,1,1,1
"2026-04-05","/interests/food-drink/xian-muslim-quarter-food-guide/",1,0,1,1,1
"2026-04-05","/destinations/shanghai/shanghai-french-concession-walking-guide/",3,0,3,3,3
"2026-04-05","/destinations/guangxi/yangshuo/cycling-yulong-river-yangshuo-guide/",1,0,1,1,1
"2026-04-05","/destinations/beijing/beijing-hutong-food-guide/",1,0,1,1,1
"2026-04-05","/ressources/apps-tech/china-travel-apps-guide-2026/",1,0,1,1,1
"2026-04-05","/tag/terracotta-warriors/",1,0,1,1,1
"2026-04-05","/destinations/guangxi/4-day-guilin-yangshuo-itinerary/",1,0,1,1,1
"2026-04-06","/interests/nature-hiking/hua-shan-hiking-guide-china/",2,0,2,2,2
"2026-04-06","/destinations/chengdu/sanxingdui-museum-guide-chengdu/",1,0,1,1,1
"2026-04-06","/destinations/hangzhou/hangzhou-west-lake-china-travel-guide/",1,0,1,1,1
"2026-04-06","/destinations/beijing/beijing-capital-airport-express-guide/",1,0,1,1,1
"2026-04-06","/ressources/transport/xiamen-gulangyu-ferry-guide-foreigners/",1,0,1,1,1
"2026-04-06","/destinations/beijing/beijing-hutong-food-guide/",1,0,1,1,1
"2026-04-06","/tag/xian-city-wall/",1,0,1,1,1
"2026-04-06","/interests/culture-history/songzanlin-monastery-guide-shangri-la/",1,0,1,1,1
"2026-04-06","/destinations/guangxi/yangshuo/cycling-yulong-river-yangshuo-guide/",2,0,2,2,2
"2026-04-06","/ressources/transport/china-laos-railway-guide-kunming-to-luang-prabang/",1,0,1,1,1
"2026-04-06","/destinations/shanghai/shanghai-french-concession-walking-guide/",2,0,2,2,2
"2026-04-06","/destinations/xinjiang/china-travel-tips-xinjiang-road-trip-2026/",2,0,2,2,2
"2026-04-06","/ressources/apps-tech/china-travel-tips-hema-freshippo-guide-2026/",2,0,3,3,3
"2026-04-06","/tag/blind-massage/",1,294,1,0,2
"2026-04-06","/destinations/harbin/",1,0,1,1,1
"2026-04-06","/destinations/jingdezhen/jingdezhen-travel-guide-china/",3,0,3,3,3
"2026-04-07","/ressources/transport/china-travel-tips-shared-bikes-2026/",2,0,2,2,2
"2026-04-07","/tag/astrill-vpn/",1,255,1,0,2
"2026-04-07","/destinations/beijing/beijing-capital-airport-express-guide/",1,0,1,1,1
"2026-04-07","/destinations/guangxi/yangshuo/cycling-yulong-river-yangshuo-guide/",3,0,3,3,3
"2026-04-07","/ressources/transport/xiamen-gulangyu-ferry-guide-foreigners/",3,0,4,4,4
"2026-04-07","/ressources/transport/beijing-to-shanghai-train-vs-flight/",1,0,1,1,1
"2026-04-07","/destinations/beijing/beijing-hutong-food-guide/",1,0,1,1,1
"2026-04-07","/ressources/transport/china-laos-railway-guide-kunming-to-luang-prabang/",2,0,2,2,2
"2026-04-07","/destinations/gansu/china-travel-tips-labrang-monastery-2026/",1,0,1,1,1
"2026-04-07","/destinations/sichuan/jiuzhaigou/jiuzhaigou-vs-huanglong-travel-guide/",1,0,1,1,1
"2026-04-07","/destinations/shanghai/shanghai-french-concession-walking-guide/",3,2322,3,2,6
"2026-04-07","/destinations/hainan/hainan-travel-guide-yanoda-wuzhishan-hiking/",1,0,1,1,1
"2026-04-07","/ressources/practical-tips/china-travel-tips-laundry-guide/",1,0,1,1,1
"2026-04-07","/interests/food-drink/xian-muslim-quarter-food-guide/",1,0,1,1,1
"2026-04-07","/",4,0,4,3,6
"2026-04-07","/destinations/beijing/first-time-china-travel-tips-great-wall-camping/",1,0,1,1,1
"2026-04-08","/tag/xiagu-cruise-terminal/",1,0,1,1,1
"2026-04-08","/",1,0,1,1,1
"2026-04-08","/interests/food-drink/is-xiamen-worth-visiting-travel-guide/",1,0,1,1,1
"2026-04-08","/ressources/budget-logistics/china-travel-tips-family-budget-cost/",3,0,3,3,3
"2026-04-08","/interests/water-towns/wuzhen-vs-tongli-suzhou-water-towns-guide/",1,0,1,1,1
"2026-04-08","/tag/dunhuang/",1,0,1,1,1
"2026-04-08","/destinations/shanghai/shanghai-french-concession-walking-guide/",1,0,1,1,1
"2026-04-08","/interests/food-drink/xian-muslim-quarter-food-guide/",1,0,1,1,1
"2026-04-08","/destinations/beijing/beijing-antique-markets-guide/",1,0,2,2,2
"2026-04-08","/tag/qinghai-gansu-loop/",1,0,1,1,1
"2026-04-08","/destinations/sichuan/jiuzhaigou/jiuzhaigou-vs-huanglong-travel-guide/",1,0,1,1,1
"2026-04-08","/destinations/yunnan/yunnan-mushroom-hotpot-guide-china/",2,0,2,2,2
"2026-04-08","/tag/gulangyu-island/",1,0,1,1,1
"2026-04-08","/ressources/practical-tips/china-travel-tips-laundry-guide/",1,759,1,0,2
"2026-04-08","/destinations/guangxi/yangshuo/cycling-yulong-river-yangshuo-guide/",1,0,1,1,1
"2026-04-08","/blog/",1,0,1,0,3
"2026-04-08","/destinations/xian/xian-3-day-itinerary-travel-tips/",1,0,1,1,1
"2026-04-08","/destinations/zhangjiajie/china-travel-tips-zhangjiajie-gates-2026/",8,0,8,8,8
"2026-04-08","/destinations/tibet/7-day-tibet-itinerary-lhasa-everest/",1,0,1,1,1
"2026-04-08","/interests/nature-hiking/chongqing-wulong-karst-day-trip/",2,0,2,2,2
"2026-04-08","/tag/silk-road-china/",1,0,1,1,1
"2026-04-09","/destinations/shanghai/where-to-stay-shanghai-first-time-guide/",1,0,1,1,1
"2026-04-09","/destinations/beijing/beijing-hutong-food-guide/",1,0,1,1,1
"2026-04-09","/ressources/practical-guides/first-time-travel-china-luggage-shipping-guide/",1,0,1,1,1
"2026-04-09","/destinations/zhangjiajie/china-travel-tips-zhangjiajie-gates-2026/",1,0,1,1,1
"2026-04-09","/",3,3998,3,2,14
"2026-04-09","/contact/",1,354,1,0,4
"2026-04-09","/destinations/xian/xian-3-day-itinerary-travel-tips/",1,0,1,1,1
"2026-04-09","/ressources/transport/hong-kong-guilin-high-speed-train-guide/",1,0,1,1,1
"2026-04-09","/ressources/money-costs/china-travel-cost-guide-2026/",1,0,1,1,1
"2026-04-09","/destinations/guangxi/4-day-guilin-yangshuo-itinerary/",1,0,1,1,1
"2026-04-09","/ressources/practical-tips/china-travel-tips-laundry-guide/",1,0,1,1,1
"2026-04-09","/destinations/hangzhou/hangzhou-west-lake-china-travel-guide/",1,0,1,1,1
"2026-04-09","/destinations/beijing/beijing-capital-airport-express-guide/",3,116,3,2,3
"2026-04-09","/ressources/transport/beijing-to-shanghai-train-vs-flight/",1,0,1,1,1
"2026-04-09","/destinations/shanghai/shanghai-french-concession-walking-guide/",1,131,1,0,2
"2026-04-09","/interests/food-drink/changsha-food-guide-china-travel-tips/",1,0,1,1,1
"2026-04-09","/destinations/xinjiang/china-travel-tips-xinjiang-road-trip-2026/",2,136,2,1,3
"2026-04-09","/destinations/beijing/beijing-craft-beer-guide-hutongs/",1,0,1,1,1
"2026-04-09","/destinations/",1,0,1,1,1
"2026-04-09","/interests/food-drink/xian-muslim-quarter-food-guide/",1,0,1,1,1
"2026-04-09","/tag/144-hour-visa-free-transit/",1,0,1,1,1
"2026-04-09","/ressources/budget-logistics/china-travel-tips-family-budget-cost/",2,0,2,2,2
"2026-04-09","/tag/xiamen-travel/",1,0,1,1,1
"2026-04-10","/interests/nature-hiking/chongqing-wulong-karst-day-trip/",1,0,1,1,1
"2026-04-10","/destinations/chongqing/chongqing-metro-guide-travel-tips/",2,0,2,2,2
"2026-04-10","/destinations/guangdong/guangzhou/guangzhou-food-guide-beyond-dim-sum/",1,0,1,1,1
"2026-04-10","/ressources/budget-logistics/china-travel-tips-family-budget-cost/",1,0,1,1,1
"2026-04-10","/tag/mogao-caves/",1,0,1,1,1
"2026-04-10","/ressources/apps-tech/china-travel-tips-2026-translation-apps/",2,68,2,1,4
"2026-04-10","/destinations/chengdu/chengdu-modern-art-travel-guide/",1,0,1,1,1
"2026-04-10","/destinations/xinjiang/china-travel-tips-xinjiang-road-trip-2026/",3,1555,4,3,6
"2026-04-10","/destinations/shanghai/shanghai-french-concession-walking-guide/",1,0,1,1,1
"2026-04-10","/contact/",1,0,1,1,1
"2026-04-10","/ressources/apps-tech/china-travel-tips-hema-freshippo-guide-2026/",2,5,2,1,3
"2026-04-10","/interests/photography/dongchuan-red-land-travel-guide/",1,0,1,1,1
"2026-04-10","/destinations/chengdu/chengdu-metro-guide-tourist-tips/",1,1036,1,0,3
"2026-04-10","/ressources/safety/first-time-travel-china-solo-female/",1,0,1,1,1
"2026-04-10","/interests/food-drink/changsha-food-guide-china-travel-tips/",1,0,1,1,1
"2026-04-10","/ressources/transport/hong-kong-guilin-high-speed-train-guide/",1,0,1,1,1
"2026-04-10","/destinations/beijing/beijing-capital-airport-express-guide/",3,549,3,2,7
"2026-04-10","/destinations/guangxi/yangshuo/cycling-yulong-river-yangshuo-guide/",1,0,1,1,1
"2026-04-10","/ressources/practical-guides/first-time-travel-china-luggage-shipping-guide/",1,0,1,1,1
"2026-04-10","/ressources/transport/china-high-speed-rail-guide/",1,0,1,1,1
"2026-04-10","/",5,1229,5,3,8
"2026-04-10","/destinations/guangdong/guangzhou/china-travel-tips-guangzhou-dim-sum/",2,0,2,2,2
"2026-04-10","/destinations/shenzhen/",1,0,1,1,1
"2026-04-11","/destinations/shanghai/shanghai-day-trips-high-speed-rail-guide/",1,0,1,1,1
"2026-04-11","/ressources/budget-logistics/china-travel-tips-family-budget-cost/",2,0,2,2,2
"2026-04-11","/destinations/gansu/china-travel-tips-qinghai-gansu-loop/",1,0,1,1,1
"2026-04-11","/destinations/gansu/",1,0,1,1,1
"2026-04-11","/destinations/beijing/best-great-wall-sections-guide/",1,0,1,1,1
"2026-04-11","/ressources/transport/beijing-shanghai-train-vs-flight",1,0,1,0,1
"2026-04-11","/destinations/xinjiang/china-travel-tips-xinjiang-road-trip-2026/",1,0,1,1,1
"2026-04-11","/ressources/visas-permits/china-travel-tips-144-hour-visa-free-guide/",1,0,1,1,1
"2026-04-11","/destinations/shanghai/shanghai-french-concession-walking-guide/",3,0,3,3,3
"2026-04-11","/destinations/guangxi/yangshuo/cycling-yulong-river-yangshuo-guide/",2,0,2,2,2
"2026-04-11","/tag/sanqiutian-wharf/",1,0,1,1,1
"2026-04-11","/ressources/transport/china-travel-tips-shared-bikes-2026/",2,0,2,2,2
"2026-04-11","/destinations/beijing/beijing-capital-airport-express-guide/",1,0,1,1,1
"2026-04-11","/destinations/hangzhou/hangzhou-west-lake-china-travel-guide/",1,0,1,1,1
"2026-04-11","/ressources/apps-tech/china-travel-apps-guide-2026/",1,0,1,1,1
"2026-04-11","/ressources/transport/xiamen-gulangyu-ferry-guide-foreigners/",2,1900,2,1,3
"2026-04-11","/tag/zhangye-danxia/",1,0,1,1,1
"2026-04-11","/tag/xining/",1,0,1,1,1
"2026-04-11","/interests/food-drink/changsha-food-guide-china-travel-tips/",1,0,1,1,1
"2026-04-11","/ressources/practical-guides/first-time-travel-china-luggage-shipping-guide/",3,0,3,3,3
"2026-04-11","/",1,0,1,1,1
"2026-04-11","/destinations/beijing/beijing-craft-beer-guide-hutongs/",2,0,2,2,2
"2026-04-12","/ressources/practical-guides/first-time-travel-china-luggage-shipping-guide/",2,0,2,2,2
"2026-04-12","/destinations/tibet/tibet-travel-permits-guide-ttb-aliens-military/",1,0,1,1,1
"2026-04-12","/tag/neicuoao-wharf/",1,0,1,1,1
"2026-04-12","/destinations/zhangjiajie/china-travel-tips-zhangjiajie-gates-2026/",3,0,3,3,3
"2026-04-12","/destinations/shanghai/where-to-stay-shanghai-first-time-guide/",2,219,2,1,4
"2026-04-12","/destinations/guangxi/4-day-guilin-yangshuo-itinerary/",1,0,1,1,1
"2026-04-12","/ressources/transport/china-high-speed-rail-guide/",1,0,1,1,1
"2026-04-12","/ressources/practical-tips/china-travel-tips-public-toilets-guide/",1,0,1,1,1
"2026-04-12","/destinations/guangxi/yangshuo/cycling-yulong-river-yangshuo-guide/",1,0,1,1,1
"2026-04-12","/ressources/transport/beijing-shanghai-high-speed-train-guide/",1,0,1,1,1
"2026-04-12","/destinations/shanghai/shanghai-french-concession-walking-guide/",5,5,6,5,7
"2026-04-12","/destinations/chengdu/chengdu-hot-pot-china-travel-tips/",2,0,2,2,2
"2026-04-12","/destinations/zhangjiajie/zhangjiajie-to-fenghuang-travel-guide/",1,0,1,1,1
"2026-04-12","/interests/culture-history/",1,0,1,1,1
"2026-04-12","/ressources/transport/terracotta-warriors-diy-guide-tickets-scams/",2,0,2,2,2
"2026-04-12","/ressources/transport/xiamen-gulangyu-ferry-guide-foreigners/",1,0,1,1,1
"2026-04-12","/ressources/transport/beijing-to-shanghai-train-vs-flight/",2,0,2,2,2
"2026-04-12","/destinations/yunnan/",1,0,1,1,1
"2026-04-12","/destinations/yunnan/yunnan-travel-guide-kunming-dali-lijiang/",2,0,2,2,2
"2026-04-12","/destinations/shenzhen/dapeng-peninsula-hiking-guide/",1,0,1,1,1
"2026-04-12","/ressources/budget-logistics/china-travel-tips-family-budget-cost/",1,0,1,1,1
"2026-04-12","/interests/water-towns/wuzhen-vs-tongli-suzhou-water-towns-guide/",2,0,2,2,2
"2026-04-13","/destinations/sichuan/china-travel-tips-western-sichuan-guide/",1,0,1,1,1
"2026-04-13","/tag/biang-biang-noodles/",1,0,1,1,1
"2026-04-13","/destinations/tibet/",1,0,1,1,1
"2026-04-13","/interests/food-drink/changsha-food-guide-china-travel-tips/",1,0,1,1,1
"2026-04-13","/tag/halal-food-china/",1,0,1,1,1
"2026-04-13","/tag/yunnan-travel/",1,0,1,1,1
"2026-04-13","/ressources/apps-tech/china-travel-tips-hema-freshippo-guide-2026/",4,151,5,4,7
"2026-04-13","/destinations/yunnan/yunnan-mushroom-hotpot-guide-china/",1,0,1,1,1
"2026-04-13","/tag/street-food/",1,0,1,1,1
"2026-04-13","/ressources/transport/xiamen-gulangyu-ferry-guide-foreigners/",1,0,1,1,1
"2026-04-13","/ressources/transport/beijing-to-shanghai-train-vs-flight/",1,0,1,1,1
"2026-04-13","/interests/nature-hiking/china-travel-tips-2026-shunan-bamboo-sea/",1,0,1,1,1
"2026-04-13","/ressources/transport/terracotta-warriors-diy-guide-tickets-scams/",1,132,1,0,2
"2026-04-13","/privacy-policy/",1,0,1,1,1
"2026-04-13","/destinations/shenzhen/dapeng-peninsula-hiking-guide/",1,0,1,1,1
"2026-04-13","/destinations/chengdu/chengdu-hot-pot-china-travel-tips/",1,0,1,1,1
"2026-04-13","/tag/shanghai/",1,0,1,1,1
"2026-04-13","/destinations/sichuan/jiuzhaigou/jiuzhaigou-vs-huanglong-travel-guide/",1,0,1,1,1
"2026-04-13","/destinations/chengdu/china-travel-tips-chengdu-food-guide/",1,0,1,1,1
"2026-04-13","/tag/jianshouqing/",1,0,1,1,1
"2026-04-13","/interests/water-towns/wuzhen-vs-tongli-suzhou-water-towns-guide/",1,0,1,1,1
"2026-04-13","/ressources/budget-logistics/china-travel-tips-family-budget-cost/",1,0,1,1,1
"2026-04-13","/destinations/beijing/beijing-antique-markets-guide/",1,64,1,0,3
"2026-04-13","/destinations/beijing/beijing-hutong-food-guide/",1,0,1,1,1
"2026-04-13","/tag/mushroom-hotpot/",1,0,1,1,1
"2026-04-13","/ressources/visas-permits/",1,0,1,1,1
"2026-04-13","/ressources/apps-tech/china-travel-apps-guide-2026/",1,0,1,1,1
"2026-04-13","/interests/food-drink/xian-night-market-guide-china/",1,0,1,1,1
"2026-04-13","/tag/food-safety/",1,0,1,1,1
"2026-04-13","/destinations/shanghai/where-to-stay-shanghai-first-time-guide/",1,0,1,1,1
"2026-04-13","/ressources/transport/china-laos-railway-guide-kunming-to-luang-prabang/",3,0,3,3,3
"2026-04-13","/interests/nature-hiking/fanjingshan-travel-guide-guizhou/",1,0,1,1,1
"2026-04-13","/about/",1,0,1,1,1
"2026-04-13","/destinations/chongqing/chongqing-travel-guide-first-time-china/",1,0,1,1,1
"2026-04-13","/",4,1080,4,2,10
"2026-04-14","/destinations/guangxi/yangshuo/cycling-yulong-river-yangshuo-guide/",1,0,1,1,1
"2026-04-14","/ressources/transport/hong-kong-guilin-high-speed-train-guide/",1,0,1,1,1
"2026-04-14","/ressources/transport/beijing-to-shanghai-train-vs-flight/",1,0,1,1,1
"2026-04-14","/tag/dali/",1,0,1,1,1
"2026-04-14","/destinations/beijing/beijing-capital-airport-express-guide/",2,0,2,2,2
"2026-04-14","/interests/culture-history/songzanlin-monastery-guide-shangri-la/",1,0,1,1,1
"2026-04-14","/",3,0,3,3,3
"2026-04-14","/destinations/beijing/beijing-subway-guide-tips/",2,0,2,2,2
"2026-04-14","/interests/nature-hiking/hua-shan-hiking-guide-china/",1,0,1,1,1
"2026-04-14","/interests/food-drink/changsha-food-guide-china-travel-tips/",1,0,1,1,1
"2026-04-14","/ressources/safety/first-time-travel-china-solo-female/",1,0,1,1,1
"2026-04-14","/destinations/guangxi/longji/",1,0,1,1,1
"2026-04-14","/destinations/xinjiang/xinjiang-public-transport-route/",1,0,1,1,1
"2026-04-14","/ressources/transport/china-laos-railway-guide-kunming-to-luang-prabang/",3,0,3,3,3
"2026-04-14","/destinations/chengdu/chengdu-hot-pot-china-travel-tips/",1,0,1,1,1
"2026-04-14","/tag/roujiamo/",1,0,1,1,1
"2026-04-14","/interests/food-drink/xian-muslim-quarter-food-guide/",1,0,1,1,1
"2026-04-14","/ressources/transport/air-travel/",1,0,1,1,1
"2026-04-14","/destinations/hangzhou/hangzhou-airport-to-west-lake-2026-transport-guide/",1,0,1,1,1
"2026-04-14","/ressources/apps-tech/china-travel-tips-hema-freshippo-guide-2026/",1,0,1,1,1
"2026-04-14","/ressources/practical-tips/china-travel-tips-laundry-guide/",1,0,1,1,1
"2026-04-14","/destinations/guangxi/4-day-guilin-yangshuo-itinerary/",2,0,2,2,2
"2026-04-15","/ressources/money-costs/china-travel-cost-guide-2026/",2,0,2,2,2
"2026-04-15","/ressources/apps-tech/china-travel-tips-internet-sim-vpn/",1,0,1,1,1
"2026-04-15","/",3,0,3,3,3
"2026-04-15","/tag/chongqing-rail-transit/",1,0,1,1,1
"2026-04-15","/ressources/budget-logistics/china-trip-cost-budget-2025/",1,0,1,1,1
"2026-04-15","/tag/china-travel/",1,0,1,1,1
"2026-04-15","/destinations/zhangjiajie/zhangjiajie-solo-travel-guide-safety-budget/",1,0,1,1,1
"2026-04-15","/destinations/beijing/beijing-subway-guide-tips/",1,264,1,0,1
"2026-04-15","/interests/food-drink/changsha-food-guide-china-travel-tips/",1,0,1,1,1
"2026-04-15","/destinations/shanghai/where-to-stay-shanghai-first-time-guide/",1,0,1,1,1
"2026-04-15","/destinations/beijing/beijing-craft-beer-guide-hutongs/",1,429,1,0,1
"2026-04-15","/ressources/transport/xiamen-gulangyu-ferry-guide-foreigners/",1,0,1,1,1
"2026-04-15","/destinations/beijing/beijing-hutong-food-guide/",1,0,1,1,1
"2026-04-15","/destinations/beijing/beijing-capital-airport-express-guide/",2,0,2,2,2
"2026-04-15","/destinations/macau/macau-travel-guide-2026/",1,422,1,0,4
"2026-04-15","/ressources/apps-tech/china-travel-apps-guide-2026/",2,0,2,2,2
"2026-04-15","/tag/dongchuan-red-land/",1,0,1,1,1
"2026-04-15","/tag/china-photography/",1,0,1,1,1
"2026-04-15","/destinations/gansu/china-travel-tips-labrang-monastery-2026/",2,0,2,2,2
"2026-04-15","/tag/luoxiagou/",1,0,1,1,1
"2026-04-15","/interests/water-towns/wuzhen-vs-tongli-suzhou-water-towns-guide/",1,0,1,1,1
"2026-04-15","/ressources/budget-logistics/china-travel-tips-family-budget-cost/",1,0,1,1,1
"2026-04-15","/tag/line-2/",1,0,1,1,1
"2026-04-15","/tag/metro-guide/",1,0,1,1,1
"2026-04-15","/destinations/chongqing/chongqing-metro-guide-travel-tips/",3,0,3,3,3
"2026-04-15","/destinations/yunnan/kunming/kunming-travel-guide-china-itinerary/",1,0,1,1,1
"2026-04-15","/interests/culture-history/nanxun-water-town-guide-china/",1,0,1,1,1
"2026-04-15","/ressources/apps-tech/china-travel-tips-hema-freshippo-guide-2026/",3,0,3,3,3
"2026-04-15","/tag/chongqing/",1,0,1,1,1
"2026-04-16","/ressources/accommodation/china-travel-tips-hotel-booking-2026/",1,0,1,1,1
"2026-04-16","/destinations/yunnan/kunming/kunming-travel-guide-china-itinerary/",1,0,1,1,1
"2026-04-16","/destinations/shanghai/first-time-travel-china-tips-shanghai-layover/",1,0,1,1,1
"2026-04-16","/interests/nature-hiking/china-travel-tips-2026-shunan-bamboo-sea/",1,0,1,1,1
"2026-04-16","/ressources/apps-tech/china-travel-tips-hema-freshippo-guide-2026/",1,0,1,1,1
"2026-04-16","/destinations/yangtze-river/china-travel-tips-yangtze-cruise-guide-2026/",1,12,1,0,2
"2026-04-16","/ressources/apps-tech/china-travel-tips-ordering-coffee/",2,0,2,2,2
"2026-04-16","/blog/",1,16,1,0,3
"2026-04-16","/destinations/tibet/how-to-get-to-tibet-flights-train/",1,0,1,1,1
"2026-04-16","/destinations/shanghai/shanghai-french-concession-walking-guide/",1,0,1,1,1
"2026-04-16","/tag/liziba-station/",1,0,1,1,1
"2026-04-16","/tag/china-travel-2026/",1,0,1,1,1
"2026-04-16","/ressources/transport/xiamen-gulangyu-ferry-guide-foreigners/",1,0,1,1,1
"2026-04-16","/tag/hongyadong/",1,0,1,1,1
"2026-04-16","/destinations/gansu/china-travel-tips-labrang-monastery-2026/",1,0,1,1,1
"2026-04-16","/interests/food-drink/china-travel-tips-dining-etiquette/",1,0,1,1,1
"2026-04-16","/interests/culture-history/suzhou-gardens-guide-china-travel-tips/",1,0,1,1,1
"2026-04-16","/destinations/jingdezhen/jingdezhen-travel-guide-china/",1,0,1,1,1
"2026-04-16","/destinations/beijing/beijing-hutong-food-guide/",1,0,1,1,1
"2026-04-16","/ressources/practical-guides/first-time-travel-china-luggage-shipping-guide/",1,0,1,1,1
"2026-04-16","/tag/road-trip-china/",1,0,1,1,1
"2026-04-16","/ressources/practical-tips/china-travel-tips-laundry-guide/",2,0,2,2,2
"2026-04-16","/ressources/transport/beijing-shanghai-high-speed-train-guide/",1,0,1,1,1
"2026-04-16","/tag/kunming-travel/",1,0,1,1,1
"2026-04-16","/destinations/beijing/beijing-subway-guide-tips/",1,0,1,1,1
"2026-04-16","/destinations/chongqing/chongqing-metro-guide-travel-tips/",1,0,1,1,1
"2026-04-16","/ressources/money-costs/china-travel-cost-guide-2026/",1,0,1,1,1
"2026-04-16","/",3,0,3,3,3
"2026-04-17","/ressources/transport/china-high-speed-rail-guide/",1,0,1,1,1
"2026-04-17","/interests/nature-hiking/china-travel-tips-2026-shunan-bamboo-sea/",1,0,1,1,1
"2026-04-17","/destinations/shanghai/shanghai-french-concession-walking-guide/",3,2623,4,3,6
"2026-04-17","/tag/yunnan-province/",1,0,1,1,1
"2026-04-17","/ressources/transport/china-high-speed-train-guide-booking-tips/",1,0,1,1,1
"2026-04-17","/ressources/apps-tech/china-travel-tips-2026-translation-apps/",1,0,1,1,1
"2026-04-17","/destinations/jingdezhen/jingdezhen-travel-guide-china/",1,0,1,1,1
"2026-04-17","/interests/water-towns/wuzhen-vs-tongli-suzhou-water-towns-guide/",1,0,1,1,1
"2026-04-17","/ressources/budget-logistics/china-travel-tips-family-budget-cost/",2,0,2,2,2
"2026-04-17","/destinations/guangxi/4-day-guilin-yangshuo-itinerary/",2,0,2,2,2
"2026-04-17","/destinations/tibet/tibet-train-travel-guide/",2,0,2,2,2
"2026-04-17","/ressources/",1,0,1,1,1
"2026-04-17","/destinations/beijing/best-great-wall-sections-guide/",1,0,1,1,1
"2026-04-17","/destinations/hainan/hainan-coastal-highway-road-trip-itinerary/",1,0,1,1,1
"2026-04-17","/contact/",1,0,1,1,1
"2026-04-17","/destinations/beijing/beijing-capital-airport-express-guide/",1,0,1,1,1
"2026-04-17","/destinations/beijing/first-time-china-travel-tips-beijing-daxing-airport/",1,0,1,1,1
"2026-04-17","/destinations/tibet/tibet-travel-permits-guide-ttb-aliens-military/",1,0,1,1,1
"2026-04-17","/destinations/hangzhou/hangzhou-airport-to-west-lake-2026-transport-guide/",1,0,1,1,1
"2026-04-17","/destinations/shenzhen/dapeng-peninsula-hiking-guide/",1,0,1,1,1
"2026-04-17","/destinations/shenzhen/",1,0,1,1,1
"2026-04-17","/ressources/transport/china-travel-tips-2026-hefei-huangshan-guide/",1,0,1,1,1
"2026-04-17","/about.html/",1,0,1,1,1
"2026-04-17","/destinations/beijing/beijing-antique-markets-guide/",1,0,1,1,1
"2026-04-18","/destinations/beijing/beijing-antique-markets-guide/",2,0,2,2,2
"2026-04-18","/tag/huashitou-village/",1,0,1,1,1
"2026-04-18","/destinations/guangdong/guangzhou/guangzhou-itinerary-china-travel-tips/",1,0,1,1,1
"2026-04-18","/destinations/guangxi/yangshuo/cycling-yulong-river-yangshuo-guide/",1,2342,1,0,7
"2026-04-18","/interests/culture-history/nanxun-water-town-guide-china/",1,0,1,1,1
"2026-04-18","/tag/esim/",1,0,1,1,1
"2026-04-18","/destinations/xian/xian-3-day-itinerary-travel-tips/",1,0,1,1,1
"2026-04-18","/ressources/transport/harbin-to-china-snow-town-guide/",1,0,1,1,1
"2026-04-18","/ressources/money-costs/china-travel-cost-guide-2026/",1,0,1,1,1
"2026-04-18","/",1,0,1,1,1
"2026-04-18","/tag/first-time-china-travel/",1,0,1,1,1
"2026-04-18","/interests/culture-history/first-time-travel-china-yanji-guide-2026/",1,0,1,1,1
"2026-04-18","/tag/alipay/",1,0,1,1,1
"2026-04-18","/destinations/beijing/beijing-capital-airport-express-guide/",2,333,2,1,2
"2026-04-18","/destinations/shanghai/shanghai-day-trips-high-speed-rail-guide/",1,0,1,1,1
"2026-04-18","/tag/longjing-tea/",1,0,1,1,1
"2026-04-18","/ressources/transport/beijing-to-shanghai-train-vs-flight/",1,0,1,1,1
"2026-04-18","/ressources/transport/xiamen-gulangyu-ferry-guide-foreigners/",1,0,1,1,1
"2026-04-18","/ressources/budget-logistics/china-travel-tips-family-budget-cost/",1,0,1,1,1
"2026-04-18","/interests/water-towns/wuzhen-vs-tongli-suzhou-water-towns-guide/",1,0,1,1,1
"2026-04-18","/destinations/shanghai/shanghai-french-concession-walking-guide/",2,0,2,2,2
"2026-04-18","/tag/144-hour-transit-visa/",1,0,1,1,1
"2026-04-18","/ressources/transport/china-high-speed-train-guide-booking-tips/",1,0,1,1,1
"2026-04-18","/ressources/transport/china-high-speed-rail-guide/",1,0,1,1,1
"2026-04-18","/ressources/budget-logistics/china-trip-cost-budget-2025/",1,0,1,1,1
"2026-04-18","/interests/nature-hiking/china-travel-tips-2026-shunan-bamboo-sea/",1,0,1,1,1
"2026-04-18","/destinations/xinjiang/",1,0,1,1,1
"2026-04-19","/destinations/beijing/beijing-antique-markets-guide/",1,0,1,1,1
"2026-04-19","/destinations/guangxi/yangshuo/cycling-yulong-river-yangshuo-guide/",2,0,2,2,2
"2026-04-19","/destinations/gansu/china-travel-tips-qinghai-gansu-loop/",1,0,1,1,1
"2026-04-19","/interests/nature-hiking/fanjingshan-travel-guide-guizhou/",1,2,1,0,2
"2026-04-19","/destinations/sichuan/jiuzhaigou/jiuzhaigou-vs-huanglong-travel-guide/",1,0,1,1,1
"2026-04-19","/destinations/yunnan/ancient-tea-horse-road-china-guide/",1,0,1,1,1
"2026-04-19","/tag/amdo-tibet/",1,0,1,1,1
"2026-04-19","/tag/chengdu-hot-pot/",1,0,1,1,1
"2026-04-19","/destinations/guangdong/guangzhou/guangzhou-food-guide-beyond-dim-sum/",1,0,1,1,1
"2026-04-19","/destinations/shanghai/shanghai-day-trips-high-speed-rail-guide/",2,0,3,2,4
"2026-04-19","/ressources/budget-logistics/china-travel-tips-family-budget-cost/",1,0,1,1,1
"2026-04-19","/",3,0,3,2,4
"2026-04-19","/ressources/apps-tech/",1,43,1,0,4
"2026-04-19","/destinations/",1,1,1,0,3
"2026-04-19","/blog/",1,0,1,1,1
"2026-04-19","/interests/culture-history/suzhou-gardens-guide-china-travel-tips/",2,0,2,2,2
"2026-04-19","/ressources/transport/xiamen-gulangyu-ferry-guide-foreigners/",2,0,2,2,2
"2026-04-19","/ressources/transport/beijing-to-shanghai-train-vs-flight/",1,0,1,1,1
"2026-04-19","/ressources/apps-tech/china-travel-tips-hema-freshippo-guide-2026/",1,0,1,1,1
"2026-04-19","/interests/food-drink/changsha-food-guide-china-travel-tips/",1,0,1,1,1
"2026-04-19","/destinations/beijing/beijing-hutong-food-guide/",2,0,2,2,2
"2026-04-19","/ressources/transport/harbin-to-china-snow-town-guide/",1,0,1,1,1
"2026-04-19","/destinations/shanghai/shanghai-french-concession-walking-guide/",2,0,2,2,2
"2026-04-20","/destinations/guangxi/4-day-guilin-yangshuo-itinerary/",1,0,1,1,1
"2026-04-20","/destinations/shanghai/shanghai-french-concession-walking-guide/",2,0,2,2,2
"2026-04-20","/destinations/zhangjiajie/zhangjiajie-solo-travel-guide-safety-budget/",1,0,1,1,1
"2026-04-20","/destinations/chongqing/china-travel-tips-chongqing-guide-2026/",1,0,1,1,1
"2026-04-20","/destinations/gansu/china-travel-tips-qinghai-gansu-loop/",1,0,1,1,1
"2026-04-20","/",1,0,1,1,1
"2026-04-20","/ressources/transport/air-travel/china-travel-tips-airport-transfer-2026/",1,0,1,1,1
"2026-04-20","/ressources/transport/china-laos-railway-guide-kunming-to-luang-prabang/",1,0,1,1,1
"2026-04-20","/tag/travel-esim/",1,0,1,1,1
"2026-04-20","/destinations/shanghai/where-to-stay-shanghai-first-time-guide/",1,0,1,1,1
"2026-04-20","/destinations/chengdu/chengdu-panda-volunteer-guide/",2,0,3,3,3
"2026-04-20","/tag/ganjia-grasslands/",1,0,1,1,1
"2026-04-20","/tag/xiahe/",1,0,1,1,1
"2026-04-20","/destinations/sichuan/jiuzhaigou/jiuzhaigou-vs-huanglong-travel-guide/",1,0,1,1,1
"2026-04-20","/destinations/",1,465,1,0,2
"2026-04-20","/tag/labrang-monastery/",1,0,1,1,1
"2026-04-20","/destinations/xinjiang/xinjiang-public-transport-route/",1,0,1,1,1
"2026-04-20","/destinations/beijing/first-time-china-travel-tips-beijing-daxing-airport/",3,0,3,3,3
"2026-04-20","/tag/sanxingdui-museum/",1,0,1,1,1
"2026-04-20","/destinations/shenzhen/dapeng-peninsula-hiking-guide/",1,0,1,1,1
"2026-04-20","/tag/sichuan-cuisine/",1,0,1,1,1
"2026-04-20","/destinations/chengdu/chengdu-metro-guide-tourist-tips/",1,0,1,1,1
"2026-04-20","/ressources/transport/xiamen-gulangyu-ferry-guide-foreigners/",3,0,3,3,3
"2026-04-21","/tag/china-tourist-visa/",1,0,1,1,1
"2026-04-21","/interests/food-drink/changsha-food-guide-china-travel-tips/",1,0,1,1,1
"2026-04-21","/destinations/tibet/tibet-train-travel-guide/",2,0,2,2,2
"2026-04-21","/ressources/transport/beijing-to-shanghai-train-vs-flight/",1,0,1,1,1
"2026-04-21","/ressources/transport/xiamen-gulangyu-ferry-guide-foreigners/",3,0,4,4,4
"2026-04-21","/destinations/beijing/beijing-capital-airport-express-guide/",1,0,1,1,1
"2026-04-21","/tag/sf-express/",1,0,1,1,1
"2026-04-21","/destinations/beijing/beijing-antique-markets-guide/",1,0,1,1,1
"2026-04-21","/destinations/chengdu/chengdu-hot-pot-china-travel-tips/",1,0,1,1,1
"2026-04-21","/tag/doing-laundry-in-china/",1,0,1,1,1
"2026-04-21","/destinations/xinjiang/",1,0,1,1,1
"2026-04-21","/ressources/apps-tech/china-travel-tips-ordering-coffee/",1,0,1,1,1
"2026-04-21","/ressources/transport/china-travel-tips-2026-hefei-huangshan-guide/",1,0,1,1,1
"2026-04-21","/destinations/shenzhen/dapeng-peninsula-hiking-guide/",1,0,1,1,1
"2026-04-21","/destinations/guangxi/yangshuo/cycling-yulong-river-yangshuo-guide/",1,17,1,0,2
"2026-04-21","/ressources/transport/hong-kong-guilin-high-speed-train-guide/",1,0,1,1,1
"2026-04-21","/",1,0,1,1,1
"2026-04-21","/interests/nature-hiking/chongqing-wulong-karst-day-trip/",1,0,1,1,1
"2026-04-21","/interests/food-drink/",1,0,1,1,1
"2026-04-21","/tag/xian-travel/",1,0,1,1,1
"2026-04-21","/destinations/shanghai/shanghai-french-concession-walking-guide/",1,0,1,1,1
"2026-04-21","/tag/luggage-delivery/",1,0,1,1,1
"2026-04-21","/ressources/transport/china-high-speed-rail-guide/",1,0,1,1,1
"2026-04-21","/ressources/apps-tech/china-travel-tips-hema-freshippo-guide-2026/",1,0,1,1,1
"2026-04-21","/destinations/beijing/beijing-hutong-food-guide/",1,0,1,1,1
"2026-04-21","/destinations/guangxi/4-day-guilin-yangshuo-itinerary/",1,0,1,1,1
"2026-04-21","/ressources/transport/china-laos-railway-guide-kunming-to-luang-prabang/",1,0,1,1,1
"2026-04-21","/destinations/chengdu/chengdu-modern-art-travel-guide/",1,0,1,1,1
"2026-04-21","/interests/water-towns/wuzhen-vs-tongli-suzhou-water-towns-guide/",1,0,1,1,1
"2026-04-21","/destinations/jingdezhen/jingdezhen-travel-guide-china/",1,0,1,1,1
"2026-04-22","/tag/hotel-laundry/",1,0,1,1,1
"2026-04-22","/destinations/chengdu/sanxingdui-museum-guide-chengdu/",1,0,1,1,1
"2026-04-22","/interests/water-towns/wuzhen-vs-tongli-suzhou-water-towns-guide/",1,0,1,1,1
"2026-04-22","/ressources/transport/beijing-to-shanghai-train-vs-flight/",2,0,2,2,2
"2026-04-22","/destinations/beijing/beijing-capital-airport-express-guide/",1,0,1,1,1
"2026-04-22","/interests/nature-hiking/longji-rice-terraces-hiking-guide/",2,842,2,1,3
"2026-04-22","/tag/chinese-washing-machines/",1,0,1,1,1
"2026-04-22","/tag/hangzhou/",1,0,1,1,1
"2026-04-22","/ressources/transport/terracotta-warriors-diy-guide-tickets-scams/",1,0,1,1,1
"2026-04-22","/interests/culture-history/suzhou-gardens-guide-china-travel-tips/",3,0,3,3,3
"2026-04-22","/tag/12306-app/",1,0,1,1,1
"2026-04-22","/ressources/money-costs/china-travel-cost-guide-2026/",2,0,2,2,2
"2026-04-22","/tag/ceramic-art/",1,0,1,1,1
"2026-04-22","/ressources/apps-tech/china-travel-tips-hema-freshippo-guide-2026/",1,0,1,1,1
"2026-04-22","/destinations/chengdu/chengdu-hot-pot-china-travel-tips/",1,0,1,1,1
"2026-04-22","/ressources/transport/china-high-speed-train-guide-booking-tips/",1,0,1,1,1
"2026-04-22","/ressources/apps-tech/china-travel-tips-2026-translation-apps/",1,0,1,1,1
"2026-04-22","/destinations/shanghai/shanghai-french-concession-walking-guide/",2,0,2,2,2
"2026-04-22","/interests/photography/china-photography-packing-list-travel-tips/",1,0,1,1,1
"2026-04-22","/destinations/chongqing/chongqing-travel-guide-first-time-china/",1,0,1,1,1
"2026-04-22","/destinations/guangxi/4-day-guilin-yangshuo-itinerary/",2,0,2,2,2
"2026-04-22","/destinations/xian-destinations/china-travel-tips-xian-city-wall-cycling-guide/",1,0,1,1,1
"2026-04-23","/ressources/practical-guides/first-time-travel-china-luggage-shipping-guide/",1,0,1,1,1
"2026-04-23","/destinations/chengdu/chengdu-hot-pot-china-travel-tips/",1,0,1,1,1
"2026-04-23","/tag/tiantou-zhai/",1,434,1,0,2
"2026-04-23","/destinations/shanghai/shanghai-day-trips-high-speed-rail-guide/",1,0,1,1,1
"2026-04-23","/ressources/safety/first-time-travel-china-solo-female/",2,5,2,1,4
"2026-04-23","/destinations/beijing/beijing-craft-beer-guide-hutongs/",1,0,1,1,1
"2026-04-23","/tag/china-hiking/",1,0,1,1,1
"2026-04-23","/destinations/shanghai/shanghai-french-concession-walking-guide/",4,1064,5,4,6
"2026-04-23","/destinations/chengdu/chengdu-metro-guide-tourist-tips/",1,0,1,1,1
"2026-04-23","/ressources/transport/china-high-speed-train-guide-booking-tips/",1,0,1,1,1
"2026-04-23","/ressources/transport/harbin-to-china-snow-town-guide/",2,0,2,2,2
"2026-04-23","/destinations/beijing/beijing-hutong-food-guide/",3,0,3,3,3
"2026-04-23","/ressources/transport/beijing-to-shanghai-train-vs-flight/",1,0,1,1,1
"2026-04-23","/ressources/transport/xiamen-gulangyu-ferry-guide-foreigners/",1,0,1,1,1
"2026-04-23","/ressources/apps-tech/china-travel-tips-hema-freshippo-guide-2026/",1,0,1,1,1
"2026-04-23","/destinations/beijing/beijing-capital-airport-express-guide/",3,0,3,2,4
"2026-04-23","/tag/leshan-giant-buddha/",1,0,1,1,1
"2026-04-23","/destinations/shenzhen/dapeng-peninsula-hiking-guide/",1,0,1,1,1
"2026-04-23","/destinations/guangxi/4-day-guilin-yangshuo-itinerary/",1,345,1,0,3
"2026-04-23","/destinations/beijing/beijing-antique-markets-guide/",1,0,1,1,1
"2026-04-23","/interests/food-drink/xian-muslim-quarter-food-guide/",1,0,1,1,1
"2026-04-23","/interests/culture-history/nanxun-water-town-guide-china/",1,0,1,1,1
"2026-04-24","/ressources/budget-logistics/",1,0,1,1,1
"2026-04-24","/ressources/budget-logistics/china-trip-cost-budget-2025/",1,167,1,0,2
"2026-04-24","/interests/food-drink/first-time-travel-china-food-allergies/",1,0,1,1,1
"2026-04-24","/destinations/beijing/first-time-china-travel-tips-beijing-daxing-airport/",2,0,2,2,2
"2026-04-24","/ressources/transport/xiamen-gulangyu-ferry-guide-foreigners/",1,0,1,1,1
"2026-04-24","/interests/food-drink/pingyao-ancient-city-guide/",1,0,1,1,1
"2026-04-24","/destinations/chongqing/chongqing-travel-guide-first-time-china/",1,0,1,1,1
"2026-04-24","/tag/wechat-pay/",1,0,1,1,1
"2026-04-24","/destinations/beijing/beijing-capital-airport-express-guide/",4,0,4,4,4
"2026-04-24","/destinations/gansu/china-travel-tips-labrang-monastery-2026/",3,0,3,3,3
"2026-04-24","/ressources/transport/beijing-shanghai-high-speed-train-guide/",1,0,1,1,1
"2026-04-24","/interests/culture-history/songzanlin-monastery-guide-shangri-la/",1,0,1,1,1
"2026-04-24","/tag/ancient-shu-kingdom/",1,0,1,1,1
"2026-04-24","/interests/nature-hiking/china-travel-tips-wuyishan-guide-2026/",1,71,1,0,8
"2026-04-24","/destinations/jingdezhen/jingdezhen-travel-guide-china/",1,0,1,1,1
"2026-04-24","/ressources/apps-tech/china-travel-tips-hema-freshippo-guide-2026/",2,0,2,2,2
"2026-04-24","/ressources/accommodation/china-travel-tips-hotel-booking-2026/",1,0,1,1,1
"2026-04-24","/destinations/shanghai/first-time-travel-china-tips-shanghai-layover/",1,0,1,1,1
"2026-04-24","/destinations/shanghai/shanghai-french-concession-walking-guide/",6,140,6,5,7
"2026-04-24","/destinations/guangdong/guangzhou/china-travel-tips-guangzhou-dim-sum/",1,0,1,1,1
"2026-04-24","/tag/china-budget-travel/",1,0,1,1,1
"2026-04-24","/ressources/transport/china-laos-railway-guide-kunming-to-luang-prabang/",1,0,1,1,1
