Pages les plus populaires,Clics,Impressions,CTR,Position
https://sinotales.com/interests/water-towns/wuzhen-vs-tongli-suzhou-water-towns-guide/,21,651,3.23%,7.08
https://sinotales.com/destinations/beijing/beijing-hutong-food-guide/,13,244,5.33%,6.45
https://sinotales.com/ressources/transport/xiamen-gulangyu-ferry-guide-foreigners/,12,1962,0.61%,5.74
https://sinotales.com/destinations/guangxi/yangshuo/cycling-yulong-river-yangshuo-guide/,9,387,2.33%,6.04
https://sinotales.com/destinations/beijing/beijing-capital-airport-express-guide/,8,3181,0.25%,5.84
https://sinotales.com/interests/food-drink/xian-night-market-guide-china/,7,566,1.24%,6.77
https://sinotales.com/ressources/practical-guides/first-time-travel-china-luggage-shipping-guide/,5,352,1.42%,7.03
https://sinotales.com/ressources/apps-tech/china-travel-tips-hema-freshippo-guide-2026/,4,1058,0.38%,6.33
https://sinotales.com/destinations/beijing/beijing-craft-beer-guide-hutongs/,4,363,1.1%,10.92
https://sinotales.com/destinations/shenzhen/dapeng-peninsula-hiking-guide/,4,339,1.18%,5.65
https://sinotales.com/interests/nature-hiking/china-travel-tips-2026-shunan-bamboo-sea/,4,129,3.1%,8.91
https://sinotales.com/interests/photography/china-photography-packing-list-travel-tips/,4,54,7.41%,5.46
https://sinotales.com/ressources/safety/first-time-travel-china-solo-female/,3,967,0.31%,8.51
https://sinotales.com/ressources/transport/harbin-to-china-snow-town-guide/,3,750,0.4%,8.45
https://sinotales.com/ressources/transport/china-laos-railway-guide-kunming-to-luang-prabang/,3,490,0.61%,7.48
https://sinotales.com/destinations/jingdezhen/jingdezhen-travel-guide-china/,3,456,0.66%,8.38
https://sinotales.com/destinations/guangxi/4-day-guilin-yangshuo-itinerary/,3,306,0.98%,13.85
https://sinotales.com/ressources/practical-tips/china-travel-tips-laundry-guide/,3,222,1.35%,7.83
https://sinotales.com/destinations/hangzhou/hiking-meijiawu-tea-village-hangzhou/,3,109,2.75%,7.68
https://sinotales.com/ressources/budget-logistics/china-travel-tips-family-budget-cost/,2,3228,0.06%,7.55
https://sinotales.com/ressources/transport/beijing-to-shanghai-train-vs-flight/,2,1346,0.15%,12.26
https://sinotales.com/destinations/chengdu/chengdu-panda-volunteer-guide/,2,935,0.21%,4.69
https://sinotales.com/destinations/chengdu/sanxingdui-museum-guide-chengdu/,2,787,0.25%,10.01
https://sinotales.com/destinations/gansu/china-travel-tips-qinghai-gansu-loop/,2,776,0.26%,16.07
https://sinotales.com/destinations/shanghai/where-to-stay-shanghai-first-time-guide/,2,769,0.26%,12.49
https://sinotales.com/destinations/xinjiang/china-travel-tips-xinjiang-road-trip-2026/,2,705,0.28%,7.62
https://sinotales.com/interests/culture-history/suzhou-gardens-guide-china-travel-tips/,2,555,0.36%,13.23
https://sinotales.com/destinations/zhangjiajie/china-travel-tips-zhangjiajie-gates-2026/,2,464,0.43%,7.09
https://sinotales.com/destinations/beijing/beijing-antique-markets-guide/,2,294,0.68%,10.91
https://sinotales.com/interests/nature-hiking/fanjingshan-travel-guide-guizhou/,2,290,0.69%,9.31
https://sinotales.com/destinations/sichuan/china-travel-tips-western-sichuan-guide/,2,256,0.78%,11.9
https://sinotales.com/interests/food-drink/quanzhou-travel-guide-china-tips/,2,131,1.53%,15.88
https://sinotales.com/destinations/chengdu/chengdu-panda-base-guide-china-travel-tips/,2,73,2.74%,16.85
https://sinotales.com/ressources/apps-tech/china-travel-tips-2026-translation-apps/,1,694,0.14%,7.85
https://sinotales.com/destinations/chongqing/chongqing-metro-guide-travel-tips/,1,638,0.16%,10.34
https://sinotales.com/destinations/chengdu/chengdu-metro-guide-tourist-tips/,1,536,0.19%,10.73
https://sinotales.com/destinations/yunnan/yunnan-mushroom-hotpot-guide-china/,1,371,0.27%,6.08
https://sinotales.com/destinations/yunnan/yunnan-travel-guide-kunming-dali-lijiang/,1,368,0.27%,14.93
https://sinotales.com/interests/nature-hiking/chongqing-wulong-karst-day-trip/,1,347,0.29%,12.51
https://sinotales.com/destinations/shanghai/shanghai-metro-guide-travel-tips/,1,318,0.31%,11.14
https://sinotales.com/destinations/xian/xian-3-day-itinerary-travel-tips/,1,291,0.34%,12.79
https://sinotales.com/interests/culture-history/nanxun-water-town-guide-china/,1,186,0.54%,11.95
https://sinotales.com/ressources/transport/terracotta-warriors-diy-guide-tickets-scams/,1,171,0.58%,7.11
https://sinotales.com/destinations/gansu/china-travel-tips-silk-road-gansu/,1,93,1.08%,12.43
https://sinotales.com/destinations/tibet/7-day-tibet-itinerary-lhasa-everest/,1,31,3.23%,21.35
https://sinotales.com/destinations/chengdu/chengdu-tcm-travel-guide-china/,1,16,6.25%,6.88
https://sinotales.com/ressources/apps-tech/china-travel-apps-guide-2026/,0,3927,0%,7.64
https://sinotales.com/ressources/money-costs/china-travel-cost-guide-2026/,0,3336,0%,8.02
https://sinotales.com/ressources/transport/china-travel-tips-shared-bikes-2026/,0,702,0%,6.8
https://sinotales.com/interests/food-drink/xian-muslim-quarter-food-guide/,0,550,0%,7.22
https://sinotales.com/ressources/transport/air-travel/china-travel-tips-airport-transfer-2026/,0,498,0%,5.83
https://sinotales.com/interests/food-drink/pingyao-ancient-city-guide/,0,410,0%,21.52
https://sinotales.com/destinations/hangzhou/hangzhou-airport-to-west-lake-2026-transport-guide/,0,379,0%,6.53
https://sinotales.com/ressources/accommodation/china-travel-tips-hotel-booking-2026/,0,349,0%,7.08
https://sinotales.com/destinations/hainan/hainan-travel-guide-yanoda-wuzhishan-hiking/,0,304,0%,6.45
https://sinotales.com/destinations/sichuan/chengdu-day-trips-leshan-emei/,0,285,0%,13.97
https://sinotales.com/ressources/transport/china-travel-tips-2026-hefei-huangshan-guide/,0,273,0%,6.65
https://sinotales.com/ressources/safety/china-travel-tips-safety-apps/,0,236,0%,6.91
https://sinotales.com/destinations/chengdu/chengdu-hot-pot-china-travel-tips/,0,221,0%,8.48
https://sinotales.com/destinations/hangzhou/hangzhou-west-lake-china-travel-guide/,0,210,0%,13.86
https://sinotales.com/ressources/transport/china-high-speed-train-guide-booking-tips/,0,199,0%,22.89
https://sinotales.com/destinations/hong-kong/china-travel-tips-dragons-back-hong-kong-2026/,0,195,0%,7.68
https://sinotales.com/destinations/yunnan/kunming/kunming-travel-guide-china-itinerary/,0,147,0%,13.58
https://sinotales.com/interests/nature-hiking/hua-shan-hiking-guide-china/,0,111,0%,4.5
https://sinotales.com/destinations/guangdong/guangzhou/guangzhou-itinerary-china-travel-tips/,0,100,0%,10.78
https://sinotales.com/destinations/beijing/first-time-china-travel-tips-beijing-daxing-airport/,0,99,0%,8.67
https://sinotales.com/destinations/guangdong/guangzhou/china-travel-tips-guangzhou-dim-sum/,0,85,0%,8.06
https://sinotales.com/ressources/transport/first-time-travel-china-tips-guilin-yangshuo/,0,82,0%,7.24
https://sinotales.com/destinations/fujian/quanzhou/,0,53,0%,66.32
https://sinotales.com/destinations/beijing/first-time-china-travel-tips-great-wall-camping/,0,48,0%,13.6
https://sinotales.com/destinations/shanghai/first-time-travel-china-tips-shanghai-layover/,0,47,0%,6.68
https://sinotales.com/destinations/gansu/china-travel-tips-labrang-monastery-2026/,0,46,0%,11.33
https://sinotales.com/ressources/,0,41,0%,7.88
https://sinotales.com/,0,38,0%,6.66
https://sinotales.com/interests/water-towns/wuzhen-vs-tongli-suzhou-water-towns-guide/#elementor-toc__heading-anchor-0,0,36,0%,4.72
https://sinotales.com/interests/water-towns/wuzhen-vs-tongli-suzhou-water-towns-guide/#elementor-toc__heading-anchor-3,0,36,0%,4.72
https://sinotales.com/destinations/yangtze-river/china-travel-tips-yangtze-cruise-guide-2026/,0,34,0%,7.56
https://sinotales.com/ressources/apps-tech/china-travel-tips-ordering-coffee/,0,31,0%,7.42
https://sinotales.com/destinations/xian-destinations/china-travel-tips-xian-city-wall-cycling-guide/,0,30,0%,7.27
https://sinotales.com/destinations/guizhou/first-time-travel-china-tips-guizhou-2026/,0,27,0%,8.56
https://sinotales.com/blog/,0,26,0%,8.77
https://sinotales.com/destinations/guangdong/guangzhou/guangzhou-food-guide-beyond-dim-sum/,0,26,0%,23.08
https://sinotales.com/destinations/tibet/tibet-train-travel-guide/,0,22,0%,35.36
https://sinotales.com/destinations/chongqing/china-travel-tips-chongqing-guide-2026/,0,21,0%,7.86
https://sinotales.com/interests/photography/dongchuan-red-land-travel-guide/,0,21,0%,27.57
https://sinotales.com/interests/water-towns/wuzhen-vs-tongli-suzhou-water-towns-guide/#elementor-toc__heading-anchor-6,0,20,0%,4.95
https://sinotales.com/interests/water-towns/wuzhen-vs-tongli-suzhou-water-towns-guide/#elementor-toc__heading-anchor-7,0,20,0%,4.95
https://sinotales.com/ressources/transport/beijing-to-shanghai-train-vs-flight/#elementor-toc__heading-anchor-0,0,17,0%,8.71
https://sinotales.com/ressources/apps-tech/,0,14,0%,15.64
https://sinotales.com/destinations/anhui/china-travel-tips-anhui-tea-trail/,0,13,0%,7.23
https://sinotales.com/ressources/transport/beijing-to-shanghai-train-vs-flight/#elementor-toc__heading-anchor-7,0,13,0%,8.62
https://sinotales.com/ressources/transport/beijing-to-shanghai-train-vs-flight/#elementor-toc__heading-anchor-4,0,13,0%,8.85
https://sinotales.com/ressources/transport/beijing-to-shanghai-train-vs-flight/#elementor-toc__heading-anchor-8,0,11,0%,9.18
https://sinotales.com/destinations/hainan/,0,8,0%,40
https://sinotales.com/interests/food-drink/first-time-travel-china-food-allergies/,0,7,0%,12.14
https://sinotales.com/wp-content/uploads/2026/02/xian-muslim-quarter-spicy-biang-biang-noodles.webp,0,7,0%,12.43
https://sinotales.com/tag/ganzi/,0,5,0%,14.2
https://sinotales.com/destinations/qinghai/,0,5,0%,17
https://sinotales.com/destinations/harbin/harbin-ice-festival-2025-travel-guide/,0,4,0%,4.75
https://sinotales.com/tag/digital-nomad/,0,4,0%,5.25
https://sinotales.com/destinations/beijing/beijing-capital-airport-express-guide/#elementor-toc__heading-anchor-2,0,4,0%,10
https://sinotales.com/destinations/beijing/beijing-capital-airport-express-guide/#elementor-toc__heading-anchor-6,0,4,0%,10
https://sinotales.com/tag/freshippo/,0,4,0%,21.5
https://sinotales.com/destinations/sichuan/shunan-bamboo-sea/,0,4,0%,27
https://sinotales.com/ressources/money-costs/,0,4,0%,39
https://sinotales.com/wp-content/uploads/2026/03/hema-freshippo-supermarket-interior-fresh-food-displays.webp,0,3,0%,3
https://sinotales.com/destinations/shenzhen/dapeng-peninsula-hiking-guide/#elementor-toc__heading-anchor-0,0,3,0%,3.33
https://sinotales.com/wp-content/uploads/2026/04/guangzhou-dim-sum-feast-city-view.webp,0,3,0%,3.67
https://sinotales.com/tag/hongyadong/,0,3,0%,4
https://sinotales.com/author/jrsrbd/,0,3,0%,5
https://sinotales.com/tag/maritime-silk-road/,0,3,0%,5
https://sinotales.com/tag/espresso/,0,3,0%,5.33
https://sinotales.com/tag/meijiawu/,0,3,0%,5.33
https://sinotales.com/tag/nomad-esim/,0,3,0%,5.33
https://sinotales.com/tag/alipay/,0,3,0%,6.67
https://sinotales.com/tag/china-laos-railway/,0,3,0%,6.67
https://sinotales.com/tag/jingdezhen/,0,3,0%,7
https://sinotales.com/tag/spicy-hotpot/,0,3,0%,7.67
https://sinotales.com/tag/yibin/,0,3,0%,8
https://sinotales.com/tag/sichuan/,0,3,0%,9
https://sinotales.com/destinations/beijing/beijing-capital-airport-express-guide/#elementor-toc__heading-anchor-1,0,3,0%,9.67
https://sinotales.com/destinations/beijing/beijing-capital-airport-express-guide/#elementor-toc__heading-anchor-4,0,3,0%,9.67
https://sinotales.com/destinations/beijing/beijing-capital-airport-express-guide/#elementor-toc__heading-anchor-5,0,3,0%,9.67
https://sinotales.com/tag/tangkou/,0,3,0%,10
https://sinotales.com/interests/food-drink/xian-night-market-guide-china/#elementor-toc__heading-anchor-0,0,3,0%,10.67
https://sinotales.com/interests/food-drink/xian-night-market-guide-china/#elementor-toc__heading-anchor-1,0,3,0%,10.67
https://sinotales.com/interests/food-drink/xian-night-market-guide-china/#elementor-toc__heading-anchor-3,0,3,0%,10.67
https://sinotales.com/interests/food-drink/xian-night-market-guide-china/#elementor-toc__heading-anchor-5,0,3,0%,10.67
https://sinotales.com/wp-content/uploads/2026/03/shanghai-hotel-room-river-pudong-skyline-sunset.webp,0,3,0%,20.33
https://sinotales.com/tag/cashless-travel/,0,3,0%,30.67
https://sinotales.com/destinations/fenghuang/,0,3,0%,41
https://sinotales.com/ressources/accommodation/,0,3,0%,43
https://sinotales.com/ressources/packing-lists/,0,3,0%,124.33
https://sinotales.com/destinations/shenzhen/dapeng-peninsula-hiking-guide/#elementor-toc__heading-anchor-1,0,2,0%,3
https://sinotales.com/interests/budget-travel/,0,2,0%,3.5
https://sinotales.com/interests/food-drink/changsha-food-guide-china-travel-tips/,0,2,0%,4
https://sinotales.com/tag/tourcard/,0,2,0%,6.5
https://sinotales.com/wp-content/uploads/2026/03/hema-freshippo-freshly-made-dumplings-daily-shelf.webp,0,2,0%,6.5
https://sinotales.com/destinations/beijing/beijing-craft-beer-guide-hutongs/#elementor-toc__heading-anchor-0,0,2,0%,7
https://sinotales.com/destinations/beijing/beijing-craft-beer-guide-hutongs/#elementor-toc__heading-anchor-3,0,2,0%,7
https://sinotales.com/destinations/beijing/beijing-craft-beer-guide-hutongs/#elementor-toc__heading-anchor-6,0,2,0%,7
https://sinotales.com/ressources/packing-list/,0,2,0%,7
https://sinotales.com/wp-content/uploads/2026/04/shunan-bamboo-sea-sichuan-vast-green-mountain-landscape-villages.webp,0,2,0%,9.5
https://sinotales.com/tag/xian/,0,2,0%,11
https://sinotales.com/tag/sf-express/,0,2,0%,11.5
https://sinotales.com/tag/tongli/,0,2,0%,12
https://sinotales.com/wp-content/uploads/2026/04/guangzhou-dim-sum-restaurant-table-spread.webp,0,2,0%,12
https://sinotales.com/tag/chunyun/,0,2,0%,13
https://sinotales.com/tag/yanbian/,0,2,0%,14
https://sinotales.com/interests/cruises/,0,2,0%,15
https://sinotales.com/wp-content/uploads/2026/01/wuzhen-west-canal-town-night-view-illuminated.webp,0,2,0%,15
https://sinotales.com/tag/changsha/,0,2,0%,16
https://sinotales.com/tag/roujiamo/,0,2,0%,17
https://sinotales.com/tag/nongjiale/,0,2,0%,18
https://sinotales.com/tag/huzhou/,0,2,0%,19
https://sinotales.com/tag/gubeikou/,0,2,0%,19.5
https://sinotales.com/tag/alipayhk/,0,2,0%,20
https://sinotales.com/tag/pek/,0,2,0%,21.5
https://sinotales.com/tag/guangxi/,0,2,0%,23
https://sinotales.com/wp-content/uploads/2026/03/fanjingshan-hike-stairs-rest.webp,0,2,0%,24
https://sinotales.com/tag/gansu/,0,2,0%,25
https://sinotales.com/wp-content/uploads/2026/03/hema-freshippo-supermarket-interior-fresh-food-displays-679x1024.webp,0,2,0%,26
https://sinotales.com/destinations/fujian/,0,2,0%,27
https://sinotales.com/tag/quanzhou/,0,2,0%,28
https://sinotales.com/tag/fanjingshan/,0,2,0%,29
https://sinotales.com/tag/nanxun/,0,2,0%,30.5
https://sinotales.com/destinations/hangzhou/,0,2,0%,32
https://sinotales.com/destinations/changsha/,0,2,0%,33
https://sinotales.com/tag/chayanyuese/,0,2,0%,35
https://sinotales.com/tag/yanji/,0,2,0%,36
https://sinotales.com/interests/cycling/,0,2,0%,37
https://sinotales.com/interests/tea/,0,2,0%,38
https://sinotales.com/destinations/macau/,0,2,0%,40
https://sinotales.com/blog/page/6/,0,2,0%,43
https://sinotales.com/tag/chongqing-travel/,0,2,0%,44
https://sinotales.com/tag/shuangliu-airport/,0,2,0%,46.5
https://sinotales.com/tag/cantonese-food/,0,2,0%,47.5
https://sinotales.com/tag/tianfu-airport/,0,2,0%,48.5
https://sinotales.com/tag/yuexiu-district/,0,2,0%,49.5
https://sinotales.com/tag/huashitou-village/,0,2,0%,50.5
https://sinotales.com/wp-content/uploads/2026/01/tongli-water-town-canal-boats-red-lanterns-1023x1536.webp,0,2,0%,50.5
https://sinotales.com/tag/leifeng-pagoda/,0,2,0%,51.5
https://sinotales.com/tag/luang-prabang/,0,2,0%,52.5
https://sinotales.com/tag/guizhou-travel/,0,2,0%,54
https://sinotales.com/tag/hangzhou-metro/,0,2,0%,55
https://sinotales.com/tag/tibet-train/,0,2,0%,56
https://sinotales.com/tag/hunan-cuisine/,0,2,0%,57
https://sinotales.com/tag/mandarin-vocabulary/,0,2,0%,58
https://sinotales.com/tag/canton-tower/,0,2,0%,59.5
https://sinotales.com/tag/road-trip/,0,2,0%,60.5
https://sinotales.com/tag/camera-gear/,0,2,0%,61.5
https://sinotales.com/destinations/mount-hua/,0,2,0%,62.5
https://sinotales.com/tag/sichuan-province/,0,2,0%,62.5
https://sinotales.com/tag/zhongguo-xuexiang/,0,2,0%,64.5
https://sinotales.com/tag/wolong-shenshuping/,0,2,0%,65.5
https://sinotales.com/tag/shenzhen-hiking/,0,2,0%,66.5
https://sinotales.com/tag/xiamen-travel/,0,2,0%,67.5
https://sinotales.com/tag/airport-security/,0,2,0%,68.5
https://sinotales.com/tag/spicy-crawfish/,0,2,0%,70.5
https://sinotales.com/tag/authentic-china/,0,2,0%,71.5
https://sinotales.com/tag/china-photography/,0,2,0%,72.5
https://sinotales.com/tag/china-hotels/,0,2,0%,73.5
https://sinotales.com/tag/chengdu-metro/,0,2,0%,74.5
https://sinotales.com/tag/shanghai-maglev/,0,2,0%,76.5
https://sinotales.com/tag/longshui-gorge/,0,2,0%,77.5
https://sinotales.com/tag/soft-sleeper/,0,2,0%,78.5
https://sinotales.com/interests/road-trips/,0,2,0%,80.5
https://sinotales.com/tag/bailong-elevator/,0,2,0%,81.5
https://sinotales.com/tag/xunpu-village/,0,2,0%,82.5
https://sinotales.com/interests/silk-road/,0,2,0%,83.5
https://sinotales.com/tag/the-bund/,0,2,0%,84.5
https://sinotales.com/tag/macau-travel/,0,2,0%,85.5
https://sinotales.com/destinations/wulong-karst/,0,2,0%,86.5
https://sinotales.com/tag/fuxi-village/,0,2,0%,88
https://sinotales.com/tag/shanxi-province/,0,2,0%,89
https://sinotales.com/destinations/guangdong/guangzhou/,0,2,0%,90
https://sinotales.com/tag/cycling-routes/,0,2,0%,91
https://sinotales.com/tag/beijing-nightlife/,0,2,0%,92
https://sinotales.com/tag/peoples-square/,0,2,0%,93
https://sinotales.com/tag/jiangxi-travel/,0,2,0%,95
https://sinotales.com/tag/layover-tips/,0,2,0%,96
https://sinotales.com/tag/giant-pandas/,0,2,0%,97
https://sinotales.com/tag/shamian-island/,0,2,0%,98
https://sinotales.com/tag/tagong-grasslands/,0,2,0%,99
https://sinotales.com/contact/,0,1,0%,1
https://sinotales.com/destinations/,0,1,0%,1
https://sinotales.com/tag/travel-tech/,0,1,0%,1
https://sinotales.com/wp-content/uploads/2026/03/hema-supermarket-fresh-sushi-sashimi-seafood-display-871x1536.webp,0,1,0%,2
https://sinotales.com/wp-content/uploads/2026/03/nanxun-water-town-canal-historic-buildings-reflections-864x1536.webp,0,1,0%,3
https://sinotales.com/destinations/shenzhen/dapeng-peninsula-hiking-guide/#elementor-toc__heading-anchor-4,0,1,0%,4
https://sinotales.com/tag/alipay-guide/,0,1,0%,4
https://sinotales.com/tag/sanya/,0,1,0%,4
https://sinotales.com/tag/bullet-trains/,0,1,0%,5
https://sinotales.com/tag/dali-old-town/,0,1,0%,5
https://sinotales.com/tag/guangzhou/,0,1,0%,5
https://sinotales.com/tag/haikou/,0,1,0%,5
https://sinotales.com/tag/wuzhishan/,0,1,0%,5
https://sinotales.com/destinations/yunnan/china-travel-tips-yunnan-guide/,0,1,0%,6
https://sinotales.com/destinations/guangxi/guilin/,0,1,0%,7
https://sinotales.com/tag/zhajiangmian/,0,1,0%,7
https://sinotales.com/tag/jiankou/,0,1,0%,8
https://sinotales.com/tag/vientiane/,0,1,0%,8
https://sinotales.com/destinations/guangxi/longji/,0,1,0%,9
https://sinotales.com/tag/emperor-qinshihuang/,0,1,0%,9
https://sinotales.com/tag/guilin/,0,1,0%,9
https://sinotales.com/tag/line-2/,0,1,0%,9
https://sinotales.com/tag/manner-coffee/,0,1,0%,10
https://sinotales.com/tag/tashkurgan-border-permit/,0,1,0%,10
https://sinotales.com/tag/yongxing-fang/,0,1,0%,10
https://sinotales.com/wp-content/uploads/2026/03/nanxun-water-town-canal-boats-traditional-lanterns.webp,0,1,0%,10
https://sinotales.com/wp-content/uploads/2026/04/best-hot-pot-chengdu-huangcheng-laoma-exterior.webp,0,1,0%,10
https://sinotales.com/destinations/beijing/beijing-craft-beer-guide-hutongs/#elementor-toc__heading-anchor-1,0,1,0%,11
https://sinotales.com/destinations/beijing/beijing-craft-beer-guide-hutongs/#elementor-toc__heading-anchor-2,0,1,0%,11
https://sinotales.com/destinations/beijing/beijing-craft-beer-guide-hutongs/#elementor-toc__heading-anchor-4,0,1,0%,11
https://sinotales.com/destinations/beijing/beijing-craft-beer-guide-hutongs/#elementor-toc__heading-anchor-5,0,1,0%,11
https://sinotales.com/tag/gongnong-bridge/,0,1,0%,11
https://sinotales.com/wp-content/uploads/2026/03/xiamen-gulangyu-ferry-boats-dock.webp,0,1,0%,11
https://sinotales.com/wp-content/uploads/2026/03/yunnan-wild-mushroom-hotpot-feast-restaurant-768x1024.jpg,0,1,0%,11
https://sinotales.com/wp-content/uploads/2026/03/wulong-karst-three-natural-bridges-tianfu-post.webp,0,1,0%,12
https://sinotales.com/wp-content/uploads/2026/03/great-leap-brewing-beijing-hutong-craft-beer-bar-menu.webp,0,1,0%,13
https://sinotales.com/wp-content/uploads/2026/03/suzhou-humble-administrators-garden-pond-moon-gate.webp,0,1,0%,14
https://sinotales.com/wp-content/uploads/2026/04/sf-express-cargo-plane-shipping-china.webp,0,1,0%,15
https://sinotales.com/wp-content/uploads/2026/02/pingyao-ancient-city-walls-gate-tower-aerial.webp,0,1,0%,16
https://sinotales.com/wp-content/uploads/2026/03/fanjingshan-red-clouds-golden-summit-temple-china-986x1536.webp,0,1,0%,16
https://sinotales.com/wp-content/uploads/2026/03/hainan-tropical-rainforest-wuzhishan-five-finger-mountain-hand-platform.webp,0,1,0%,16
https://sinotales.com/wp-content/uploads/2026/04/chengdu-sichuan-yin-yang-hot-pot-feast-table.webp,0,1,0%,16
https://sinotales.com/wp-content/uploads/2026/03/terracotta-warrior-kneeling-archer-xian-guide.webp,0,1,0%,17
https://sinotales.com/wp-content/uploads/2026/03/dongchuan-red-land-terraced-fields-colorful-patchwork.webp,0,1,0%,18
https://sinotales.com/wp-content/uploads/2026/04/china-shared-bikes-hellobike-meituan-urban-street.webp,0,1,0%,19
https://sinotales.com/wp-content/uploads/2026/03/guangzhou-shamian-island-colonial-architecture-banyan-trees.webp,0,1,0%,20
https://sinotales.com/tag/lujiazui/,0,1,0%,21
https://sinotales.com/tag/alibaba-retail/,0,1,0%,22
https://sinotales.com/wp-content/uploads/2026/03/china-high-speed-train-guilin-karst-mountains-sunset-1024x682.webp,0,1,0%,22
https://sinotales.com/tag/pkx/,0,1,0%,23
https://sinotales.com/wp-content/uploads/2026/03/chongqing-monorail-train-through-liziba-station-building.webp,0,1,0%,26
https://sinotales.com/wp-content/uploads/2026/02/china-snow-town-winter-evening-illuminated-street-crowd-1033x1536.webp,0,1,0%,28
https://sinotales.com/wp-content/uploads/2026/03/yunnan-mushroom-hotpot-jianshouqing-display.jpg,0,1,0%,28
https://sinotales.com/tag/didi/,0,1,0%,29
https://sinotales.com/tag/hutong-bars/,0,1,0%,30
https://sinotales.com/wp-content/uploads/2025/12/china-mobile-food-ordering-qr-code-nfc-1024x670.webp,0,1,0%,30
https://sinotales.com/wp-content/uploads/2026/03/beijing-xuan-craft-beer-taps-pouring-glasses-768x1024.webp,0,1,0%,30
https://sinotales.com/wp-content/uploads/2026/04/modern-hotel-laundry-room-china-self-service-washers.webp,0,1,0%,31
https://sinotales.com/wp-content/uploads/2026/02/xian-muslim-quarter-fried-persimmon-cakes.webp,0,1,0%,37
https://sinotales.com/tag/aerotel-beijing/,0,1,0%,43
https://sinotales.com/tag/liziba-station/,0,1,0%,44
https://sinotales.com/tag/jianshouqing/,0,1,0%,45
https://sinotales.com/wp-content/uploads/2026/03/hainan-tropical-rainforest-swing-waterfall-864x1536.webp,0,1,0%,48
https://sinotales.com/tag/silk-road/,0,1,0%,53
https://sinotales.com/tag/guilin-west/,0,1,0%,59
https://sinotales.com/wp-content/uploads/2026/04/shunan-bamboo-sea-river-cascades-sunlight-1024x1536.webp,0,1,0%,59
https://sinotales.com/wp-content/uploads/2026/03/meijiawu-tea-village-terraces-hangzhou-1027x1536.webp,0,1,0%,64
https://sinotales.com/tag/wulong-karst/,0,1,0%,70
https://sinotales.com/tag/metro-guide/,0,1,0%,71
https://sinotales.com/tag/macanese-cuisine/,0,1,0%,78
https://sinotales.com/tag/chengdu-travel/,0,1,0%,81
https://sinotales.com/tag/kaili-villages/,0,1,0%,86
https://sinotales.com/tag/chongqing-rail-transit/,0,1,0%,90
https://sinotales.com/destinations/yangtze-river/,0,1,0%,93
https://sinotales.com/tag/yellow-mountains/,0,1,0%,95
https://sinotales.com/tag/jilin-province/,0,1,0%,99
https://sinotales.com/tag/jingan-temple/,0,1,0%,100