Requêtes les plus fréquentes,Clics,Impressions,CTR,Position
xian night market,2,53,3.77%,8.23
beiyuanmen night market,1,53,1.89%,8.77
wuzhen vs suzhou,1,20,5%,10.65
night market xian,1,18,5.56%,7.17
suzhou vs wuzhen,1,16,6.25%,11.12
craft beer beijing,1,9,11.11%,10.22
shunan bamboo sea,1,8,12.5%,7.88
chengdu metro map 2026,1,5,20%,8.8
xi an muslim quarter night market,1,5,20%,11.4
yulong river cycling path,1,3,33.33%,7
beijing hutong food,1,1,100%,7
day trips from chengdu to leshan,0,52,0%,23.54
144hourvisafree,0,45,0%,15.76
beijing to shanghai,0,40,0%,51.55
didi chuxing payment methods 2025 or 2026,0,36,0%,8.61
144-hour visa-free transit,0,33,0%,8.45
one-day trip itinerary from chengdu to mount emei,0,33,0%,18.33
how to travel from beijing to shanghai,0,32,0%,39.81
chongqing to wulong train,0,30,0%,41.63
beijing capital airport express last train time 2026,0,29,0%,2
cost of traveling to china 2026,0,28,0%,13.96
how to go from beijing to shanghai,0,28,0%,45.54
best time to visit yunnan,0,28,0%,48.46
how to book high speed rail in china,0,28,0%,58.21
best area to stay in shanghai,0,25,0%,56.76
best areas to stay in shanghai for tourists 2026,0,23,0%,12.74
pingyao ancient city,0,23,0%,66.22
where to stay in shanghai,0,21,0%,54.43
suzhou gardens,0,21,0%,55.29
qinghai-gansu grand loop travel suggestions,0,20,0%,9.9
how to get from beijing to shanghai,0,20,0%,49.75
didi chuxing payment options 2025 or 2026,0,19,0%,7.32
"breweries in beijing, china",0,19,0%,12.95
chongqing metro,0,19,0%,44.42
jingdezhen travel guide 2026,0,18,0%,5.61
quanzhou,0,18,0%,68.5
beijing to shanghai high speed train second class ticket price cny,0,17,0%,8.53
china travel costs for 2 people in may 2026,0,17,0%,16.82
gulangyu ferry schedule,0,15,0%,8.67
kunming travel guide 2026,0,15,0%,9
pingyao,0,15,0%,75.33
capital airport express beijing,0,14,0%,9.21
china travel cost 2026,0,14,0%,10.36
does google translate work in china 2026,0,14,0%,10.79
cost of trip to china 2026,0,14,0%,16
chengdu metro,0,14,0%,46.29
quanzhou travel guide,0,12,0%,24.25
144 hour visa free,0,11,0%,6.09
best apps to book flights and hotels in china 2026,0,11,0%,8.91
beijing capital airport express,0,11,0%,10.09
chongqing metro operating hours,0,11,0%,10.18
sanxingdui travel guide,0,11,0%,37.91
china travel apps 2026,0,10,0%,8.5
hema freshippo,0,10,0%,9.4
xinjiang travel restrictions for foreigners 2026,0,10,0%,9.8
quanzhou china,0,10,0%,69.9
best apps for booking flights and hotels in china 2026,0,9,0%,8.44
xi an night market,0,9,0%,9.11
capital airport express,0,9,0%,10.11
pingyao county restaurants,0,9,0%,23.33
beijing antique market,0,9,0%,26.22
quanzhou fujian,0,9,0%,66.67
pingyao china,0,9,0%,78.33
gulangyu ferry ticket,0,8,0%,1
china travel costs 2026,0,8,0%,2
hainan travel guide 2026,0,8,0%,5.75
best personal safety apps 2025 reviews in china,0,8,0%,8.88
china travel budget cost expenses 2026,0,8,0%,11.62
strategy suggestions for sichuan-tibet line,0,8,0%,11.75
best translation apps for china travel 2026,0,8,0%,11.88
beijing fbo vs shanghai fbo,0,8,0%,12.62
sichuan tibetan culture tourism recommendations,0,8,0%,24.12
suzhou garden,0,8,0%,51.5
train from beijing to shanghai,0,8,0%,53.5
quanzhou fujian china,0,8,0%,69.88
beijing capital airport express fare 2026,0,7,0%,1.43
china travel budget per day 2026,0,7,0%,3.43
yunnan national day travel guide 2026,0,7,0%,4.43
yunnan travel guide national day 2026,0,7,0%,5.14
best map app for foreigners in china 2026,0,7,0%,8.43
pingyao ancient city ticket price 2026,0,7,0%,9
hema (freshippo),0,7,0%,9.14
nanxun water town,0,7,0%,19.86
chengdu hot pot food recommendation and cost,0,7,0%,30
sichuan travel tips recommendations,0,7,0%,38
how to ride china's high-speed trains,0,7,0%,47.29
nanxun,0,7,0%,61.29
pingyao ancient town,0,7,0%,76
china travel expenses 2026,0,6,0%,1
is china safe for solo female travelers 2026,0,6,0%,7.83
best translation app for china travel 2026,0,6,0%,9.33
beijing to shanghai train or flight,0,6,0%,9.83
best areas to stay in shanghai for first time visitors 2026,0,6,0%,13.67
sichuan tibetan area travel guide,0,6,0%,34.67
travel guides for sichuan plateau,0,6,0%,47.83
tibet,0,6,0%,54.67
gansu corridor,0,6,0%,65.67
suzhou china gardens,0,6,0%,71.83
chinasadel,0,5,0%,8.2
kunming to luang prabang train,0,5,0%,11.4
yanji snow town transportation methods,0,5,0%,11.6
xinjiang travel restrictions for foreigners 2025 2026,0,5,0%,12.6
xi,0,5,0%,14.4
best budget travel tips for china 2026,0,5,0%,18.2
antique market beijing,0,5,0%,24.2
drive time from chengdu to sanxingdui museum,0,5,0%,33.8
pingyao ancient city china,0,5,0%,46.4
china train guide,0,5,0%,46.6
how to take the shanghai metro,0,5,0%,48.8
beijing airport express,0,5,0%,50.8
ancient city of pingyao,0,5,0%,60.6
guangzhou food,0,5,0%,63.8
pingyao city,0,5,0%,64
pingyao shanxi,0,5,0%,73
shanxi pingyao,0,5,0%,81.6
beijing capital airport express fare official 2026,0,4,0%,1.75
travel app trends in china 2026,0,4,0%,5.25
pingyao ancient city through ticket price 2026,0,4,0%,6
beijing airport express train,0,4,0%,10
best areas to stay in shanghai for tourists 2025,0,4,0%,10
wuzhen or suzhou,0,4,0%,11
smart tour guide system suzhou gardens,0,4,0%,11.5
beijing to shanghai train vs plane,0,4,0%,13.5
china train ticket prices 2026,0,4,0%,19.25
meijiawu tea village,0,4,0%,21.25
hema china,0,4,0%,27
drive time chengdu to sanxingdui museum,0,4,0%,28.75
guilin and yangshuo itinerary,0,4,0%,39.25
chongqing to wulong,0,4,0%,49
fanjingshan temple,0,4,0%,49.25
chongqing subway,0,4,0%,49.5
china travel guide train,0,4,0%,55.75
fanjingshan,0,4,0%,57
gardens in suzhou,0,4,0%,59.75
gardens of suzhou china,0,4,0%,69
suzhou gardens china,0,4,0%,80
travel cost to china,0,4,0%,85.25
does google translate work in china without vpn 2026,0,3,0%,2.33
dapeng peninsula shenzhen beaches hiking,0,3,0%,3
quanzhou travel guide 2026,0,3,0%,6.33
train kunming to luang prabang,0,3,0%,6.67
gulangyu ferry terminal,0,3,0%,7.33
hangzhou metro fare official 2026,0,3,0%,8.67
best area to stay in shanghai for tourists 2026,0,3,0%,9
dongdu ferry terminal,0,3,0%,10
freshippo (hema),0,3,0%,10.33
train from kunming to luang prabang,0,3,0%,10.67
most popular ride-hailing app in china 2026,0,3,0%,11
shanghai to beijing train vs flight,0,3,0%,11
beijing craft beer,0,3,0%,11.33
xinjiang tibet railway,0,3,0%,13.67
hotel prices china 2026,0,3,0%,15.33
best places to stay in shanghai 2025 2026,0,3,0%,18.67
sanxingdui travel precautions,0,3,0%,19.33
kunming to luang prabang train time,0,3,0%,21
guilin itinerary 4 days,0,3,0%,24.33
notes on sichuan-tibet line travel,0,3,0%,27.33
best area to stay in shanghai for first timers,0,3,0%,29
hutong food,0,3,0%,33
panjiayuan market,0,3,0%,35
panjiayuan market beijing,0,3,0%,36
solo travel to china for women,0,3,0%,38.33
best time to visit yunnan china,0,3,0%,41.33
hawaii of china,0,3,0%,41.67
chendgu metro,0,3,0%,43
yangshuo itinerary,0,3,0%,44.67
shanghai metro guide,0,3,0%,45.33
hema in china,0,3,0%,45.67
best time to visit lijiang,0,3,0%,48
chongqing subway map,0,3,0%,48
beijing to shanghai train,0,3,0%,50.33
guangzhou itinerary 3 days,0,3,0%,60
china snow town harbin,0,3,0%,61.33
china quanzhou,0,3,0%,63.67
dongchuan red land,0,3,0%,64.67
quanzhou in china,0,3,0%,65.67
garden suzhou,0,3,0%,66.67
western sichuan,0,3,0%,68
jingdezhen city,0,3,0%,70.67
kunming travel,0,3,0%,71
quan zhou china,0,3,0%,71.67
pingyao shanxi china,0,3,0%,74.67
yulong river,0,3,0%,75.33
platform screen doors,0,2,0%,1
beijing airport express fare official 2026,0,2,0%,2
xi'an night market,0,2,0%,3
pingyao ancient city entrance fee 2026,0,2,0%,5
blind massage chengdu,0,2,0%,6
beijing capital airport express fare 25 rmb dongzhimen,0,2,0%,6.5
beijing airport express route map,0,2,0%,7
best dim sum guangzhou 2026,0,2,0%,7
can i use didi app in the us 2026,0,2,0%,8
didi chuxing payment methods 2026,0,2,0%,8
sf express,0,2,0%,8
what is the delivery range of hema fresh?,0,2,0%,8
best navigation apps in china 2026,0,2,0%,8.5
is china expensive for tourists 2026,0,2,0%,8.5
kunming china travel guide 2026,0,2,0%,8.5
airport express beijing,0,2,0%,9
beijing capital airport express fare 25 rmb,0,2,0%,9
train kunming luang prabang,0,2,0%,9
zimugang gate zhangjiajie,0,2,0%,9
beijing to shanghai high speed train ticket price cny,0,2,0%,9.5
best translation apps china 2026,0,2,0%,9.5
rong hua lou guangzhou,0,2,0%,9.5
terracotta army ticket price official 2026,0,2,0%,9.5
typical economy airfare beijing to shanghai cny,0,2,0%,9.5
hema supermarket china,0,2,0%,10
sf express china luggage,0,2,0%,10
shek o,0,2,0%,10
xinjiang travel guide october 2026,0,2,0%,10
best navigation apps china 2026,0,2,0%,10.5
yes,0,2,0%,10.5
best time to visit kunming dali lijiang,0,2,0%,11
china snow town xuexiang distance from harbin 280 km,0,2,0%,11
hema supermarket shenzhen,0,2,0%,11
shanghai metro fare price 2025 2026,0,2,0%,11
pek airport express train,0,2,0%,12
zhangjiajie south gate entrance,0,2,0%,12
dongdu ferry terminal xiamen,0,2,0%,13
where to stay in shanghai first time,0,2,0%,13
suzhou or wuzhen,0,2,0%,13.5
china travel budget 2026,0,2,0%,14.5
how to hail a taxi in china without didi or e-wallets 2025 2026,0,2,0%,15
yunnan hotpot,0,2,0%,15.5
google maps availability in china 2026,0,2,0%,16.5
accommodation standards of sichuan china international travel service,0,2,0%,24.5
xiamen ferry terminal,0,2,0%,25.5
cost of traveling in china 2026 budget,0,2,0%,26
panjiayuan antique market,0,2,0%,26
yunnan mushroom hot pot,0,2,0%,29
china antique market,0,2,0%,31
sino travel,0,2,0%,37.5
chengdu subway,0,2,0%,40
photos,0,2,0%,40
xishuangbanna to luang prabang train,0,2,0%,42
snow town harbin,0,2,0%,46
beijing markets,0,2,0%,47
shanghai from beijing,0,2,0%,48
great firewall,0,2,0%,50.5
things to do in quanzhou,0,2,0%,50.5
wulong karst day trip,0,2,0%,51.5
best month to visit yunnan,0,2,0%,53
markets in beijing,0,2,0%,53.5
beijing market,0,2,0%,55.5
gardens of suzhou,0,2,0%,57
jingdezhen map,0,2,0%,57
how to get around in chengdu,0,2,0%,60.5
camping in china,0,2,0%,61
mount hua,0,2,0%,62.5
where to stay shanghai,0,2,0%,63.5
bike sharing china,0,2,0%,64
pingyao jinzhong shanxi china,0,2,0%,66.5
best area to stay in shanghai for tourist,0,2,0%,68
flight time from beijing to shanghai,0,2,0%,68
beijing to shanghai distance by flight,0,2,0%,68.5
gardens suzhou,0,2,0%,69
the gardens of suzhou,0,2,0%,73
is china cheap to travel,0,2,0%,74
garden in suzhou,0,2,0%,74.5
labrang monastery,0,2,0%,74.5
where to stay in shanghai china,0,2,0%,75
quanzhou city,0,2,0%,76.5
what to see in pingyao,0,2,0%,76.5
chongqing wulong karst,0,2,0%,77.5
guilin and yangshuo china,0,2,0%,77.5
best hot pot in chengdu,0,2,0%,84.5
yunnan winter,0,2,0%,86
can you give me example picture,0,1,0%,1
guangzhou,0,1,0%,1
gulangyu island ferry,0,1,0%,1
meijiawu,0,1,0%,1
street foods china,0,1,0%,1
suzhou landscape,0,1,0%,1
xi'an china,0,1,0%,1
xiamen ferry,0,1,0%,1
hang zhou,0,1,0%,2
xian cuisine,0,1,0%,2
อยากค่ะ,0,1,0%,2
beiyuanmen street xi'an night market,0,1,0%,3
"""xinjiang"" -site:reddit.com -site:twitter.com -site:x.com -site:wykop.pl 
-site:tripadvisor.com -site:youtube.com -site:yelp.com -site:booking.com 
-site:facebook.com -site:instagram.com -site:tiktok.com",0,1,0%,4
alipay plus,0,1,0%,4
pekin express 2026 binome,0,1,0%,4
pingyao ancient city travel guide,0,1,0%,4
pudong (lujiazui),0,1,0%,4
shanghai to beijing high speed rail travel time,0,1,0%,4
suzhous,0,1,0%,4
tiger leaping gorge,0,1,0%,4
"""sanxingdui""",0,1,0%,5
beijing subway fare 2026,0,1,0%,5
beijing to shanghai high speed train ticket price in cny second class,0,1,0%,5
how to do laundry in china,0,1,0%,5
"""sf express"" -site:reddit.com -site:twitter.com -site:x.com -site:wykop.pl 
-site:tripadvisor.com -site:youtube.com -site:yelp.com -site:booking.com 
-site:facebook.com -site:instagram.com -site:tiktok.com",0,1,0%,6
beijing capital express train,0,1,0%,6
freight rail network inurl:blog,0,1,0%,6
guangzhou travel,0,1,0%,6
harbin to snowtown,0,1,0%,6
how to hail a taxi or ride in china without didi or mobile apps 2025 or 2026,0,1,0%,6
shenzhen exit-entry permit,0,1,0%,6
要,0,1,0%,6
average daily budget china travel 2026,0,1,0%,7
beijing airport express train price,0,1,0%,7
best way to travel from beijing to shanghai,0,1,0%,7
china solo travel safety 2026,0,1,0%,7
china two week travel itinerary transportation costs 2026,0,1,0%,7
how to get to gulangyu island from xiamen,0,1,0%,7
popular travel apps in china for foreigners 2026,0,1,0%,7
travel from beijing to shanghai,0,1,0%,7
beijing to shanghai high-speed train second class ticket price cny,0,1,0%,8
chongqing metro hours,0,1,0%,8
great firewall of china,0,1,0%,8
guilin yangshuo itinerary 4 days,0,1,0%,8
how to transfer from chengdu metro line 6 to line 18?,0,1,0%,8
meituan bike yellow color shared bike china,0,1,0%,8
parcours pekin express 2026,0,1,0%,8
pek airport express,0,1,0%,8
shanghai metro line 2 operating hours 2026,0,1,0%,8
yangshuo 4 day itinerary,0,1,0%,8
beijing to shanghai high speed train second class price cny,0,1,0%,9
best websites to book hotels in china for foreigners 2026,0,1,0%,9
china travel safety tips 2026,0,1,0%,9
huangcheng laoma hot pot chengdu,0,1,0%,9
baidu maps english support 2026,0,1,0%,10
baidu maps english version 2026,0,1,0%,10
beijing capital airport express fare 25 yuan dongzhimen,0,1,0%,10
beijing to shanghai high speed train second class price usd,0,1,0%,10
beijing to shanghai high speed train travel time 2026,0,1,0%,10
beijing to shanghai high-speed train duration 2026,0,1,0%,10
best navigation apps hong kong 2026,0,1,0%,10
best place to stay in shanghai for first timers,0,1,0%,10
chongqing metro loop line underground or elevated,0,1,0%,10
didi chuxing airport transfer guide 2025 or 2026,0,1,0%,10
didi operating countries cities 2026,0,1,0%,10
doing laundry in china,0,1,0%,10
hema china supermarket,0,1,0%,10
how to go to gulangyu island from xiamen,0,1,0%,10
xiamen ferry to gulangyu island,0,1,0%,10
xinjiang travel restrictions foreigners 2026,0,1,0%,10
baidu translate,0,1,0%,11
beijing shanghai high speed train price 2026,0,1,0%,11
best translation apps for china travel,0,1,0%,11
does apple maps work in china 2026,0,1,0%,11
gongnong bridge,0,1,0%,11
guangzhou travel tips 2026,0,1,0%,11
hema,0,1,0%,11
hema app china,0,1,0%,11
meituan bike yellow china,0,1,0%,11
shanghai metro line 2 operating hours 2025,0,1,0%,11
shanghai metro operating hours 2025,0,1,0%,11
sichuan self-driving travel safety strategy,0,1,0%,11
wuzhen to nanxun distance,0,1,0%,11
beijing airport express line,0,1,0%,12
beijing airport train,0,1,0%,12
beijing subway fare official 2026,0,1,0%,12
beijing to shanghai high speed train duration 2026,0,1,0%,12
guangzhou dim sum,0,1,0%,12
how to pay for chongqing metro,0,1,0%,12
labrang monastery altitude,0,1,0%,12
antiques market beijing,0,1,0%,13
are there laundromats in china,0,1,0%,13
do they have bars in china,0,1,0%,13
essential apps for traveling to china 2026,0,1,0%,13
pudong,0,1,0%,13
strategy suggestions for giant panda base,0,1,0%,13
best garden in suzhou,0,1,0%,14
essential apps for tourists in china 2025 2026,0,1,0%,14
sichuan travel budget and cost suggestion,0,1,0%,14
best area to stay in shanghai for first time visitors 2025 2026,0,1,0%,15
best season to travel to sanxingdui,0,1,0%,15
guilin yangshuo itinerary,0,1,0%,15
sichuan travel precautions recommendations,0,1,0%,15
chengdu cuisine,0,1,0%,16
does google translate work in china 2026 without vpn,0,1,0%,16
hainan,0,1,0%,16
xinjiang 2026,0,1,0%,16
อยากคับ,0,1,0%,16
average daily budget for tourist in china 2026,0,1,0%,17
can you show me a picture,0,1,0%,18
xi’s,0,1,0%,18
best map apps for china 2026,0,1,0%,19
best taxi app in china 2026,0,1,0%,19
daily budget for traveling in china 2025 2026,0,1,0%,19
sanxingdui tourism precautions,0,1,0%,19
sichuan giant panda base travel recommendations,0,1,0%,19
when does gansu usually release the results?,0,1,0%,19
wulong karst reddit,0,1,0%,19
"-site:facebook.com -site:fb.me -site:youtube.com -site:youtu.be 
-site:youtube.be -site:twitter.com -site:instagram.com -site:tiktok.com 
-site:vm.tiktok.com -site:t.co -site:x.com -site:reddit.com ""pocari sweat""",0,1,0%,20
best areas to stay in shanghai 2026,0,1,0%,20
best areas to stay in shanghai for tourists 2025 or 2026,0,1,0%,20
best travel apps for china 2026,0,1,0%,20
didi food,0,1,0%,20
ping yao gu cheng,0,1,0%,20
gulangyu ferry,0,1,0%,22
panjiayuan antiques market,0,1,0%,22
有图片吗,0,1,0%,22
#chinareveals,0,1,0%,23
little lotus garden nanxun,0,1,0%,23
wuzhishan rainforest,0,1,0%,24
"""slippery stairs""",0,1,0%,25
accommodation standards of china international travel service,0,1,0%,26
да,0,1,0%,26
antiques market,0,1,0%,27
china high speed rail luggage,0,1,0%,28
ferry to gulangyu island,0,1,0%,28
hình ảnh,0,1,0%,28
画像みたい,0,1,0%,28
dapeng peninsula,0,1,0%,29
guangzhou food guide,0,1,0%,29
sichuan tibetan culture tourism experience,0,1,0%,29
pictures,0,1,0%,30
is china safe for women,0,1,0%,35
beijing to shanghai train cost,0,1,0%,36
didi,0,1,0%,36
shared bike in china,0,1,0%,36
china,0,1,0%,37
from beijing to shanghai,0,1,0%,38
luang prabang to kunming train,0,1,0%,38
sichuan road trip tips,0,1,0%,38
beijing shanghai trains,0,1,0%,39
best place to stay in shanghai,0,1,0%,40
guilin china itinerary,0,1,0%,41
sanxingdui museum ticket price,0,1,0%,41
harbin snow town,0,1,0%,42
sanxingdui travel recommended travel agency,0,1,0%,42
solo female travel china,0,1,0%,43
chengdu metro customer service phone number,0,1,0%,44
chinasurvival,0,1,0%,44
first class mail to china,0,1,0%,44
getting from beijing to shanghai,0,1,0%,44
panjiayuan antique market beijing,0,1,0%,44
best gardens in suzhou,0,1,0%,45
how to take shanghai metro,0,1,0%,45
is it safe to travel to china alone as a woman,0,1,0%,45
jianshouqing,0,1,0%,45
sanxingdui museum ticket price 2025,0,1,0%,45
best translator app for china travel,0,1,0%,46
what to do in guangzhou for 3 days,0,1,0%,46
beijing a shanghai,0,1,0%,48
metro chengdu,0,1,0%,48
pingyao itinerary,0,1,0%,48
chengdu panda base volunteer,0,1,0%,49
guilin how many days,0,1,0%,49
shunan bamboo forest,0,1,0%,49
china beijing to shanghai train,0,1,0%,50
hefei to hong kong,0,1,0%,50
western sichuan china,0,1,0%,50
best time to visit yunnan province,0,1,0%,51
flight time beijing to shanghai,0,1,0%,52
shared bike china,0,1,0%,52
market in beijing,0,1,0%,53
porcelain capital of china,0,1,0%,53
visa free china,0,1,0%,53
china beijing to shanghai high speed train,0,1,0%,54
chongqing mrt,0,1,0%,54
food in guangzhou china,0,1,0%,54
yanoda rainforest,0,1,0%,54
shared bikes china,0,1,0%,55
beijing marketplace,0,1,0%,56
is it expensive to travel to china,0,1,0%,56
shared bikes in china,0,1,0%,56
"""peanut allergy""",0,1,0%,57
huzhou nanxun old town,0,1,0%,58
jingdezhen china map,0,1,0%,59
yunnan best time to visit,0,1,0%,59
can you sleep on the great wall of china,0,1,0%,60
beijing airport to city train,0,1,0%,61
market beijing,0,1,0%,61
"""south china sea""",0,1,0%,62
china bike sharing,0,1,0%,62
hawaii in china,0,1,0%,62
sichuan tibet railway,0,1,0%,62
sichuan to tibet,0,1,0%,62
fujian quanzhou,0,1,0%,63
kunming,0,1,0%,63
nanxun ancient town,0,1,0%,63
beijing airport to beijing west railway station,0,1,0%,64
best district to stay in shanghai,0,1,0%,64
bike sharing in china,0,1,0%,64
labrang monastery china,0,1,0%,64
suzhou gardens and canals,0,1,0%,64
guilin yangshuo china,0,1,0%,65
kunming to dongchuan red land,0,1,0%,65
great wall camping,0,1,0%,66
best areas to stay in shanghai,0,1,0%,67
camping on the great wall,0,1,0%,67
dongchuan red land in china,0,1,0%,67
beijing beer,0,1,0%,68
budget travel to china,0,1,0%,68
how much does it cost to travel to china,0,1,0%,68
pingyao travel,0,1,0%,68
where is the best place to stay in shanghai,0,1,0%,68
chongqing metro map,0,1,0%,70
dongchuan red land yunnan,0,1,0%,70
food in guangzhou,0,1,0%,70
gardens in suzhou china,0,1,0%,70
how much does a trip to china cost,0,1,0%,70
western sichuan map,0,1,0%,71
cheap travel in china,0,1,0%,73
tongli china,0,1,0%,73
visit pingyao,0,1,0%,73
camping at the great wall,0,1,0%,74
how much is a trip to china,0,1,0%,74
how much would it cost to travel to china,0,1,0%,75
where to stay in china,0,1,0%,77
sanxingdui museum,0,1,0%,79
quanzhou city china,0,1,0%,80
tibet train travel,0,1,0%,82
wulong karst,0,1,0%,82
chengdu underground,0,1,0%,83
packing list for china,0,1,0%,83
where is quanzhou in china,0,1,0%,83
china packing list,0,1,0%,84
nanxun old town,0,1,0%,86
yunnan season,0,1,0%,86
trip to china cost,0,1,0%,87
chongqing transit,0,1,0%,90
average cost of trip to china,0,1,0%,95
jingdezhen,0,1,0%,95
wulong karst chongqing,0,1,0%,97
baidu ditu,0,1,0%,109